City_ID,City,Country,Date,Lat,Lng,Max Temp,Humidity,Cloudiness,Wind Speed
0,Vaini,TO,2022-01-02 10:04:55,-21.2,-175.2,75.36,94,40,5.75
1,Phan Thiet,VN,2022-01-02 10:04:55,10.9333,108.1,79.16,69,100,18.5
2,Alta Floresta,BR,2022-01-02 10:04:55,-9.8756,-56.0861,68.95,99,75,2.93
3,Calais,FR,2022-01-02 10:00:05,50.9167,1.8333,56.01,88,98,25.72
4,Mataura,NZ,2022-01-02 10:04:56,-46.1927,168.8643,64.47,82,100,2.68
5,Jamestown,US,2022-01-02 10:01:21,42.097,-79.2353,37.09,58,100,1.99
6,Georgetown,MY,2022-01-02 10:04:57,5.4112,100.3354,87.73,62,20,1.01
7,New Norfolk,AU,2022-01-02 10:04:57,-42.7826,147.0587,58.5,70,87,1.01
8,Kruisfontein,ZA,2022-01-02 10:04:57,-34.0033,24.7314,75.88,46,75,13.2
9,Puerto Ayora,EC,2022-01-02 10:04:57,-0.7393,-90.3518,68.65,88,56,6.76
10,Aykhal,RU,2022-01-02 10:04:58,66.0,111.5,-31.67,98,99,2.01
11,Kattivakkam,IN,2022-01-02 10:04:58,13.2167,80.3167,84.29,78,93,14.41
12,Busselton,AU,2022-01-02 10:04:59,-33.65,115.3333,79.09,53,0,20.54
13,Albany,US,2022-01-02 10:05:00,42.6001,-73.9662,48.15,94,100,1.01
14,Ushuaia,AR,2022-01-02 10:03:26,-54.8,-68.3,37.44,89,83,6.69
15,Lompoc,US,2022-01-02 10:05:01,34.6391,-120.4579,52.12,84,1,4.61
16,Hermanus,ZA,2022-01-02 10:01:22,-34.4187,19.2345,74.89,59,1,9.64
17,Hasaki,JP,2022-01-02 10:05:01,35.7333,140.8333,39.6,66,35,9.95
18,Waipawa,NZ,2022-01-02 10:05:02,-41.4122,175.5153,66.83,79,95,6.22
19,Lebu,CL,2022-01-02 10:05:02,-37.6167,-73.65,59.58,97,100,16.55
20,Hobart,AU,2022-01-02 10:05:03,-42.8794,147.3294,58.86,83,75,14.97
21,Butaritari,KI,2022-01-02 10:05:03,3.0707,172.7902,81.91,66,100,10.09
22,Tasiilaq,GL,2022-01-02 10:05:03,65.6145,-37.6368,10.56,59,16,6.55
23,Naze,JP,2022-01-02 10:05:04,28.3667,129.4833,57.24,78,100,8.86
24,Ahuimanu,US,2022-01-02 10:05:04,21.4447,-157.8378,69.51,92,90,0.0
25,Kapaa,US,2022-01-02 10:05:04,22.0752,-159.319,75.18,88,75,1.99
26,Belaya Gora,RU,2022-01-02 10:05:05,68.5333,146.4167,-30.51,99,100,5.68
27,Rikitea,PF,2022-01-02 10:05:05,-23.1203,-134.9692,77.02,73,9,8.59
28,Atuona,PF,2022-01-02 10:05:06,-9.8,-139.0333,78.13,76,6,17.9
29,Bluff,NZ,2022-01-02 10:05:06,-46.6,168.3333,64.8,80,100,3.91
30,Pevek,RU,2022-01-02 10:03:51,69.7008,170.3133,18.3,80,100,24.72
31,Conceicao Do Araguaia,BR,2022-01-02 10:05:07,-8.2578,-49.2647,73.15,95,99,3.8
32,Saint-Philippe,RE,2022-01-02 10:05:07,-21.3585,55.7679,83.79,74,62,7.65
33,Bethel,US,2022-01-02 10:05:08,41.3712,-73.414,51.3,93,100,0.45
34,Half Moon Bay,US,2022-01-02 10:05:08,37.4636,-122.4286,46.96,77,20,0.0
35,Tautira,PF,2022-01-02 10:02:31,-17.7333,-149.15,78.82,80,100,14.47
36,Mar Del Plata,AR,2022-01-02 10:03:40,-38.0023,-57.5575,70.88,78,64,3.0
37,Geraldton,AU,2022-01-02 10:05:09,-28.7667,114.6,79.21,61,0,19.57
38,Tilichiki,RU,2022-01-02 10:05:09,60.4667,166.1,32.83,90,100,27.09
39,Barrow,US,2022-01-02 10:05:09,71.2906,-156.7887,-20.18,69,1,3.44
40,Tomakomai,JP,2022-01-02 10:04:01,42.6369,141.6033,32.16,100,90,18.41
41,Punta Arenas,CL,2022-01-02 10:05:10,-53.15,-70.9167,42.91,70,20,23.02
42,Qaanaaq,GL,2022-01-02 10:05:11,77.484,-69.3632,-2.07,71,62,7.72
43,Tabas,IR,2022-01-02 10:05:12,33.5959,56.9244,60.04,46,100,7.16
44,Codrington,AU,2022-01-02 10:06:12,-38.2667,141.9667,59.02,72,16,12.41
45,Thompson,CA,2022-01-02 10:06:13,55.7435,-97.8558,-28.61,100,25,3.27
46,Willowmore,ZA,2022-01-02 10:06:13,-33.2926,23.4895,71.94,39,66,4.7
47,Sitka,US,2022-01-02 10:06:13,57.0531,-135.33,37.29,75,90,14.97
48,Honningsvag,NO,2022-01-02 10:06:14,70.9821,25.9704,25.21,65,99,20.36
49,Berlevag,NO,2022-01-02 10:06:14,70.8578,29.0864,20.77,80,100,9.22
50,Saldanha,ZA,2022-01-02 10:06:14,-33.0117,17.9442,65.66,67,87,13.76
51,Kahului,US,2022-01-02 10:06:15,20.8947,-156.47,77.85,85,90,5.75
52,La Asuncion,VE,2022-01-02 10:06:15,11.0333,-63.8628,75.97,81,22,15.86
53,Victoria,HK,2022-01-02 10:05:20,22.2855,114.1577,70.18,76,1,1.99
54,Kristiansund,NO,2022-01-02 10:02:37,63.1115,7.732,41.65,81,75,4.61
55,Port Elizabeth,ZA,2022-01-02 10:06:16,-33.918,25.5701,78.1,55,89,11.5
56,Charters Towers,AU,2022-01-02 10:06:16,-20.1,146.2667,86.99,54,69,10.11
57,Pacific Grove,US,2022-01-02 10:06:17,36.6177,-121.9166,46.62,59,1,1.99
58,Salvador,SV,2022-01-02 10:02:33,13.8333,-88.9167,68.4,90,13,1.52
59,Lobito,AO,2022-01-02 10:03:22,-12.3481,13.5456,80.85,73,97,6.76
60,Ranong,TH,2022-01-02 10:06:18,9.9658,98.6348,82.35,67,61,11.34
61,Manzanillo,CU,2022-01-02 10:06:18,20.3433,-77.1167,67.32,87,0,5.79
62,Port Lincoln,AU,2022-01-02 10:06:19,-34.7333,135.8667,62.08,72,0,18.81
63,Abeche,TD,2022-01-02 10:06:19,13.8292,20.8324,78.78,15,10,12.1
64,Avarua,CK,2022-01-02 10:06:19,-21.2078,-159.775,78.85,89,75,10.36
65,Skjervoy,NO,2022-01-02 10:01:57,70.0311,20.9714,27.0,69,100,28.95
66,Malino,PH,2022-01-02 10:06:20,15.1257,120.6727,80.85,69,80,10.27
67,Macklin,CA,2022-01-02 10:06:21,52.3334,-109.9348,3.81,89,93,5.26
68,Urengoy,RU,2022-01-02 10:06:21,65.9667,78.3667,-1.25,97,100,10.45
69,Airai,TL,2022-01-02 10:06:21,-8.9266,125.4092,63.82,94,87,1.72
70,Ulaanbaatar,MN,2022-01-02 10:01:26,47.9077,106.8832,-9.27,59,0,2.24
71,Dikson,RU,2022-01-02 10:06:22,73.5069,80.5464,-36.45,94,18,7.52
72,Cape Town,ZA,2022-01-02 10:05:02,-33.9258,18.4232,75.11,54,8,1.99
73,Ruidoso,US,2022-01-02 10:06:23,33.3317,-105.673,16.7,52,1,8.05
74,Longyearbyen,SJ,2022-01-02 10:06:23,78.2186,15.6401,12.04,57,0,21.85
75,Ponta Do Sol,PT,2022-01-02 10:06:23,32.6667,-17.1,73.71,46,78,5.39
76,Zambezi,ZM,2022-01-02 10:06:23,-13.5432,23.1047,85.82,45,36,4.52
77,Nikolskoye,RU,2022-01-02 10:06:24,59.7035,30.7861,20.8,92,82,3.8
78,Derzhavinsk,KZ,2022-01-02 10:06:24,51.1,66.3167,17.91,90,100,9.1
79,Rio Grande,BR,2022-01-02 10:04:13,-32.035,-52.0986,73.45,85,100,11.81
80,Bredasdorp,ZA,2022-01-02 10:06:25,-34.5322,20.0403,72.28,37,24,8.43
81,Anastacio,BR,2022-01-02 10:06:25,-20.4836,-55.8069,75.97,78,0,3.29
82,Dhidhdhoo,MV,2022-01-02 10:04:56,6.8833,73.1,81.95,74,23,8.79
83,Andros Town,BS,2022-01-02 10:06:26,24.7,-77.7667,71.56,73,0,14.41
84,Americus,US,2022-01-02 10:06:27,32.0724,-84.2327,73.53,88,90,10.36
85,Tuktoyaktuk,CA,2022-01-02 10:06:27,69.4541,-133.0374,-15.29,95,100,14.05
86,Rudbar,AF,2022-01-02 10:06:27,30.15,62.6,66.9,47,100,5.23
87,Ucluelet,CA,2022-01-02 10:06:28,48.9329,-125.5528,45.09,92,100,1.01
88,Ballina,AU,2022-01-02 10:07:28,-28.8667,153.5667,71.78,95,6,15.84
89,Cherskiy,RU,2022-01-02 10:07:28,68.75,161.3,15.48,82,94,9.64
90,Saint Anthony,US,2022-01-02 10:07:29,45.0205,-93.218,-10.07,76,1,0.0
91,Ambilobe,MG,2022-01-02 10:04:36,-13.2,49.05,88.77,57,100,6.58
92,Hilo,US,2022-01-02 10:07:29,19.7297,-155.09,73.13,92,75,0.0
93,Port Alfred,ZA,2022-01-02 10:07:30,-33.5906,26.891,69.19,64,79,13.42
94,Huilong,CN,2022-01-02 10:07:30,31.8111,121.655,51.04,70,54,8.21
95,Labuhan,ID,2022-01-02 10:07:30,-6.8844,112.2051,81.9,77,99,7.38
96,Sabratah,LY,2022-01-02 10:03:16,32.7933,12.4885,60.75,74,91,6.89
97,Comodoro Rivadavia,AR,2022-01-02 10:07:14,-45.8667,-67.5,55.26,44,0,24.16
98,Castro,BR,2022-01-02 10:07:31,-24.7911,-50.0119,65.91,88,2,2.82
99,Seoul,KR,2022-01-02 10:07:31,37.5683,126.9778,31.39,49,0,4.12
100,Yellowknife,CA,2022-01-02 10:05:35,62.456,-114.3525,-14.04,92,100,7.07
101,La Plata,AR,2022-01-02 10:05:03,-34.9215,-57.9545,69.82,79,39,6.4
102,Isangel,VU,2022-01-02 10:07:32,-19.55,169.2667,78.84,85,99,7.14
103,Port Macquarie,AU,2022-01-02 10:04:55,-31.4333,152.9167,69.89,75,0,8.32
104,Atherton,GB,2022-01-02 10:07:33,53.5237,-2.4935,51.28,88,34,1.01
105,Itarema,BR,2022-01-02 10:07:34,-2.9248,-39.9167,80.04,80,100,11.03
106,Bichura,RU,2022-01-02 10:07:34,50.5881,107.6022,-5.42,92,64,3.78
107,Ribeira Grande,PT,2022-01-02 10:03:35,38.5167,-28.7,61.2,94,75,14.97
108,Lala,PH,2022-01-02 10:07:35,7.9745,123.7458,76.14,87,100,5.77
109,Kichmengskiy Gorodok,RU,2022-01-02 10:07:35,59.9816,45.7854,11.44,94,94,6.85
110,San Policarpo,PH,2022-01-02 10:07:36,12.1791,125.5072,80.06,74,93,16.04
111,Ahipara,NZ,2022-01-02 10:07:36,-35.1667,173.1667,65.37,84,71,8.97
112,Port-Gentil,GA,2022-01-02 10:07:36,-0.7193,8.7815,79.95,80,100,7.85
113,Cockburn Town,TC,2022-01-02 10:07:37,21.4612,-71.1419,77.95,63,26,18.52
114,Pozo Colorado,PY,2022-01-02 10:07:37,-23.4923,-58.7972,81.81,48,10,7.99
115,Turukhansk,RU,2022-01-02 10:07:37,65.8167,87.9833,-14.35,96,100,12.1
116,Smolenka,RU,2022-01-02 10:07:38,52.1352,113.4974,-9.33,77,100,4.47
117,Portland,US,2022-01-02 10:07:38,45.5234,-122.6762,31.86,84,75,3.0
118,Pandan,PH,2022-01-02 10:07:38,14.0453,124.1694,76.32,81,80,18.63
119,Fortuna,US,2022-01-02 10:07:39,40.5982,-124.1573,37.92,96,1,5.99
120,Mehamn,NO,2022-01-02 10:07:39,71.0357,27.8492,19.4,78,92,9.06
121,Gat,IL,2022-01-02 10:07:39,31.61,34.7642,64.9,100,8,4.99
122,Plettenberg Bay,ZA,2022-01-02 10:07:40,-34.0527,23.3716,68.99,55,43,8.86
123,Taihe,CN,2022-01-02 10:07:40,30.8712,105.3845,51.67,58,15,3.83
124,Sunbury,AU,2022-01-02 10:07:41,-37.5833,144.7333,67.57,75,40,3.0
125,Bonthe,SL,2022-01-02 10:07:41,7.5264,-12.505,84.45,67,50,4.45
126,Novyy Nekouz,RU,2022-01-02 10:06:03,57.9029,38.07,14.09,91,100,11.21
127,Bereda,ES,2022-01-02 10:07:42,43.2686,-7.5406,57.74,89,95,6.06
128,Hegang,CN,2022-01-02 10:07:42,47.4,130.3667,-3.05,77,28,10.6
129,Lagoa,PT,2022-01-02 10:07:42,39.05,-27.9833,57.76,87,100,9.89
130,Luderitz,NA,2022-01-02 10:07:43,-26.6481,15.1594,81.61,43,0,23.17
131,Fenton,US,2022-01-02 10:07:43,42.7978,-83.7049,25.0,90,90,3.0
132,Sao Filipe,CV,2022-01-02 10:07:44,14.8961,-24.4956,78.37,51,96,6.64
133,Klaksvik,FO,2022-01-02 10:08:44,62.2266,-6.589,36.52,95,100,27.78
134,Maloy,NO,2022-01-02 10:08:45,61.9353,5.1136,47.07,86,36,8.99
135,Olafsvik,IS,2022-01-02 10:08:45,64.8945,-23.7142,25.95,66,73,33.08
136,Aguimes,ES,2022-01-02 10:08:45,27.9054,-15.4461,73.65,33,0,1.14
137,Chapleau,CA,2022-01-02 10:08:46,47.8405,-83.4034,-9.47,98,76,3.06
138,Ostrovnoy,RU,2022-01-02 10:08:46,68.0531,39.5131,17.73,87,100,22.01
139,Marathon,US,2022-01-02 10:08:46,44.9,-89.7668,7.52,85,40,6.91
140,San Patricio,US,2022-01-02 10:08:47,28.017,-97.5169,49.98,40,29,23.53
141,Tarauaca,BR,2022-01-02 10:08:47,-8.1614,-70.7656,71.2,99,97,2.51
142,Severo-Kurilsk,RU,2022-01-02 10:08:47,50.6789,156.125,27.79,88,100,12.97
143,Truckee,US,2022-01-02 10:08:48,39.328,-120.1833,29.97,87,4,4.85
144,Bathsheba,BB,2022-01-02 10:08:48,13.2167,-59.5167,77.61,69,20,14.97
145,Buala,SB,2022-01-02 10:08:49,-8.145,159.5921,80.98,82,100,4.5
146,Talbahat,IN,2022-01-02 10:04:51,25.05,78.4333,69.76,30,56,4.54
147,Yerbogachen,RU,2022-01-02 10:08:49,61.2767,108.0108,-31.72,99,28,4.38
148,Naica,MX,2022-01-02 10:08:50,27.85,-105.4833,44.65,52,0,11.16
149,Sinaloa,MX,2022-01-02 10:08:50,25.0,-107.5,57.11,78,0,2.75
150,Yakeshi,CN,2022-01-02 10:08:50,49.2833,120.7333,-18.24,100,10,5.32
151,Gravelbourg,CA,2022-01-02 10:08:51,49.8834,-106.5512,1.69,86,94,10.09
152,San Rafael,AR,2022-01-02 10:07:11,-34.6177,-68.3301,70.66,50,0,5.77
153,Borogontsy,RU,2022-01-02 10:04:34,62.6683,131.1683,-45.18,100,66,2.64
154,Jalu,LY,2022-01-02 10:08:52,29.0331,21.5482,63.54,62,15,11.97
155,Moron,AR,2022-01-02 10:08:52,-34.6534,-58.6198,69.78,96,17,3.44
156,Chik,RU,2022-01-02 10:08:53,54.9928,82.4311,9.18,77,0,11.18
157,Brae,GB,2022-01-02 10:08:53,60.3964,-1.353,48.11,88,90,29.1
158,Norsup,VU,2022-01-02 10:08:53,-16.0667,167.3833,82.42,80,100,6.69
159,College,US,2022-01-02 10:08:54,64.8569,-147.8028,-16.65,59,40,5.75
160,Manggar,ID,2022-01-02 10:08:54,-2.8833,108.2667,80.8,80,100,3.27
161,Upernavik,GL,2022-01-02 10:08:54,72.7868,-56.1549,12.69,87,100,5.44
162,Henties Bay,NA,2022-01-02 10:08:55,-22.116,14.2845,64.85,72,54,9.13
163,Te Anau,NZ,2022-01-02 10:05:18,-45.4167,167.7167,60.3,87,100,2.64
164,Vila Franca Do Campo,PT,2022-01-02 10:08:55,37.7167,-25.4333,63.19,89,95,10.51
165,Bengkulu,ID,2022-01-02 10:08:55,-3.8004,102.2655,80.04,81,100,6.33
166,Nantucket,US,2022-01-02 10:08:56,41.2835,-70.0995,53.71,94,90,5.75
167,East London,ZA,2022-01-02 10:07:35,-33.0153,27.9116,69.6,67,89,10.42
168,Oranjemund,NA,2022-01-02 10:08:56,-28.55,16.4333,70.95,57,6,19.06
169,Rabo De Peixe,PT,2022-01-02 10:08:57,37.8,-25.5833,62.28,100,75,16.11
170,Inhambane,MZ,2022-01-02 10:08:57,-23.865,35.3833,88.36,56,7,12.37
171,Sola,VU,2022-01-02 10:08:57,-13.8833,167.55,82.63,81,100,16.98
172,Port Hardy,CA,2022-01-02 10:08:58,50.6996,-127.4199,44.76,91,100,16.26
173,Honiara,SB,2022-01-02 10:08:58,-9.4333,159.95,79.27,88,100,6.2
174,Souillac,MU,2022-01-02 10:08:58,-20.5167,57.5167,84.58,58,40,12.66
175,Prince Rupert,CA,2022-01-02 10:08:59,54.3161,-130.3201,35.69,93,75,13.8
176,Khatanga,RU,2022-01-02 10:08:59,71.9667,102.5,-54.81,99,87,3.15
177,Punta Gorda,US,2022-01-02 10:08:00,26.9298,-82.0454,73.99,92,40,1.99
178,Saint George,US,2022-01-02 10:09:00,37.1041,-113.5841,26.94,58,1,1.99
179,Hamilton,US,2022-01-02 10:09:00,39.1834,-84.5333,43.79,96,90,1.99
180,Kudahuvadhoo,MV,2022-01-02 10:10:00,2.6708,72.8944,81.84,77,63,11.97
181,Candido Mendes,BR,2022-01-02 10:10:01,-1.4467,-45.7167,75.81,93,94,2.64
182,Gorom-Gorom,BF,2022-01-02 10:10:01,14.4439,-0.2361,77.54,15,98,15.86
183,Valle Del Guamuez,CO,2022-01-02 10:10:01,0.4525,-76.9192,72.12,88,93,2.06
184,Rognan,NO,2022-01-02 10:10:02,67.0953,15.3878,28.54,85,100,11.36
185,Antsohihy,MG,2022-01-02 10:10:03,-14.8796,47.9875,90.45,56,97,2.53
186,Netrakona,BD,2022-01-02 10:05:46,24.8833,90.7167,78.28,28,0,2.21
187,Nalut,LY,2022-01-02 10:10:03,30.3333,10.85,57.63,40,0,4.63
188,Matay,EG,2022-01-02 10:10:04,28.419,30.7792,63.5,52,2,8.68
189,Saskylakh,RU,2022-01-02 10:10:04,71.9167,114.0833,-30.78,99,100,0.49
190,Sakakah,SA,2022-01-02 10:05:56,29.9697,40.2064,52.16,62,100,12.21
191,Saint-Augustin,CA,2022-01-02 10:10:05,51.226,-58.6502,35.31,98,100,16.55
192,Pacifica,US,2022-01-02 10:10:05,37.6138,-122.4869,46.11,73,1,7.0
193,Ambon,ID,2022-01-02 10:10:06,-3.6954,128.1814,82.08,79,100,5.64
194,Acapulco,MX,2022-01-02 10:05:44,16.8634,-99.8901,73.22,88,20,2.3
195,West Wendover,US,2022-01-02 10:10:06,40.7391,-114.0733,11.41,79,1,8.05
196,Iqaluit,CA,2022-01-02 10:07:53,63.7506,-68.5145,0.7,77,100,8.99
197,Carnarvon,AU,2022-01-02 10:10:07,-24.8667,113.6333,78.87,69,0,20.71
198,Kaitangata,NZ,2022-01-02 10:10:08,-46.2817,169.8464,58.06,93,100,3.71
199,Phu Ly,VN,2022-01-02 10:10:08,20.5411,105.9139,70.7,58,24,3.6
200,Nancha,CN,2022-01-02 10:10:08,47.1333,129.2667,-0.29,77,73,13.18
201,Husavik,IS,2022-01-02 10:10:08,66.0449,-17.3389,22.46,74,100,23.98
202,Jumla,NP,2022-01-02 10:10:09,29.2747,82.1838,48.34,43,62,5.01
203,Canavieiras,BR,2022-01-02 10:10:09,-15.675,-38.9472,77.23,80,94,3.83
204,Okhotsk,RU,2022-01-02 10:10:09,59.3833,143.3,-9.94,75,100,13.27
205,Skibbereen,IE,2022-01-02 10:10:10,51.55,-9.2667,48.0,84,100,24.65
206,Kingman,US,2022-01-02 10:10:10,35.1894,-114.053,33.28,68,1,4.61
207,Waddan,LY,2022-01-02 10:10:10,29.1614,16.139,56.93,70,26,12.33
208,Kodiak,US,2022-01-02 10:10:11,57.79,-152.4072,16.29,83,56,34.69
209,Lundazi,ZM,2022-01-02 10:10:11,-12.2929,33.1782,84.09,44,98,5.44
210,Ust-Maya,RU,2022-01-02 10:10:11,60.4167,134.5333,-48.32,100,79,0.51
211,Palmer,US,2022-01-02 10:10:12,42.1584,-72.3287,51.15,86,90,1.01
212,Abomsa,ET,2022-01-02 10:10:12,9.9833,39.9833,82.65,34,20,11.86
213,Nuuk,GL,2022-01-02 10:10:13,64.1835,-51.7216,23.61,54,75,1.14
214,Kavieng,PG,2022-01-02 10:10:13,-2.5744,150.7967,82.18,78,86,4.9
215,Kosterevo,RU,2022-01-02 10:10:13,55.9299,39.6144,14.14,91,100,9.01
216,Sinnamary,GF,2022-01-02 10:10:14,5.3833,-52.95,76.53,82,34,12.12
217,Broome,US,2022-01-02 10:10:14,42.2506,-75.833,40.19,88,90,4.0
218,San Cristobal,VE,2022-01-02 10:10:14,7.7669,-72.225,66.38,89,93,1.79
219,Solano,US,2022-01-02 10:10:15,38.2333,-121.9511,43.52,85,1,6.91
220,Touros,BR,2022-01-02 10:10:15,-5.1989,-35.4608,81.5,72,50,14.12
221,Tuatapere,NZ,2022-01-02 10:10:15,-46.1333,167.6833,64.81,87,100,2.77
222,Horve,DK,2022-01-02 10:10:16,55.7529,11.453,49.1,97,100,13.06
223,Krasnoselkup,RU,2022-01-02 10:10:16,65.7,82.4667,-1.61,97,100,11.16
224,Along,IN,2022-01-02 10:10:16,28.1667,94.7667,69.49,45,0,0.13
225,Hay River,CA,2022-01-02 10:10:17,60.8156,-115.7999,-3.96,97,100,10.83
226,Norman Wells,CA,2022-01-02 10:10:17,65.282,-126.8329,-25.04,96,100,8.57
227,Muroto,JP,2022-01-02 10:10:17,33.2833,134.15,50.83,62,0,11.48
228,Mount Gambier,AU,2022-01-02 10:11:18,-37.8333,140.7667,57.9,72,0,8.99
229,Bima,ID,2022-01-02 10:11:18,-8.4667,118.7167,80.17,88,100,2.53
230,Ilulissat,GL,2022-01-02 10:11:19,69.2167,-51.1,10.42,48,20,10.36
231,Barcelos,PT,2022-01-02 10:11:19,41.5388,-8.6151,57.92,88,81,3.87
232,North Platte,US,2022-01-02 10:11:19,41.1239,-100.7654,5.81,85,7,7.65
233,Kavaratti,IN,2022-01-02 10:11:20,10.5669,72.642,82.65,73,9,8.97
234,Chalons-En-Champagne,FR,2022-01-02 10:06:21,48.9539,4.3672,54.1,83,100,13.51
235,Chumikan,RU,2022-01-02 10:07:31,54.7183,135.315,-12.23,83,40,17.52
236,Liverpool,GB,2022-01-02 10:09:39,53.4106,-2.9779,51.67,84,40,1.99
237,Mabaruma,GY,2022-01-02 10:11:23,8.2,-59.7833,67.75,86,5,1.99
238,Guerrero Negro,MX,2022-01-02 10:11:23,27.9769,-114.0611,55.63,63,1,2.57
239,Tecoanapa,MX,2022-01-02 10:11:23,16.5167,-98.75,71.96,81,0,5.28
240,Wismar,DE,2022-01-02 10:11:24,53.9,11.4667,53.13,97,100,5.01
241,Biggar,GB,2022-01-02 10:11:24,55.6167,-3.5167,47.23,85,56,16.42
242,Leo,BF,2022-01-02 10:11:24,11.1,-2.1,83.66,12,88,13.31
243,Fort Nelson,CA,2022-01-02 10:11:25,58.8053,-122.7002,-15.68,93,100,9.75
244,Pearl River,US,2022-01-02 10:11:27,41.059,-74.0218,53.29,94,100,1.01
245,Shelburne,CA,2022-01-02 10:09:18,44.0787,-80.2041,21.76,90,100,12.57
246,Tupik,RU,2022-01-02 10:11:27,54.4253,119.9327,-23.13,95,8,3.04
247,Yulara,AU,2022-01-02 10:11:28,-25.2406,130.9889,102.04,10,39,5.75
248,Shaowu,CN,2022-01-02 10:11:28,27.3409,117.4831,52.05,77,34,1.01
249,Arraial Do Cabo,BR,2022-01-02 10:11:29,-22.9661,-42.0278,75.06,88,75,8.05
250,Chokurdakh,RU,2022-01-02 10:11:29,70.6333,147.9167,-24.36,99,100,7.0
251,Verkhnyaya Inta,RU,2022-01-02 10:11:30,65.9811,60.3094,9.5,90,100,8.3
252,Tiksi,RU,2022-01-02 10:11:30,71.6872,128.8694,-31.45,100,66,2.13
253,Kenai,US,2022-01-02 10:11:30,60.5544,-151.2583,8.69,52,20,39.12
254,Hambantota,LK,2022-01-02 10:11:30,6.1241,81.1185,83.98,71,99,16.82
255,Mahebourg,MU,2022-01-02 10:11:31,-20.4081,57.7,84.49,58,40,12.66
256,Torbay,CA,2022-01-02 10:11:31,47.6666,-52.7314,35.58,95,90,14.97
257,Faya,SA,2022-01-02 10:11:32,18.3851,42.4509,57.72,65,61,18.52
258,Puerto Princesa,PH,2022-01-02 10:07:42,9.7392,118.7353,77.59,84,100,14.45
259,Clemencia,CO,2022-01-02 10:11:32,10.5665,-75.325,76.59,80,96,5.91
260,Chuy,UY,2022-01-02 10:11:33,-33.6971,-53.4616,72.3,87,100,4.07
261,Nabire,ID,2022-01-02 10:11:33,-3.3667,135.4833,77.52,91,100,1.3
262,Estelle,US,2022-01-02 10:11:33,29.8458,-90.1067,75.25,85,75,8.05
263,Hobyo,SO,2022-01-02 10:11:34,5.3505,48.5268,83.19,64,0,16.89
264,Trincomalee,LK,2022-01-02 10:11:34,8.5711,81.2335,79.21,83,65,14.9
265,Piopio,NZ,2022-01-02 10:11:35,-38.4667,175.0167,66.43,80,82,1.88
266,Timmins,CA,2022-01-02 10:11:35,48.4669,-81.3331,-18.81,100,82,2.53
267,Taoudenni,ML,2022-01-02 10:11:35,22.6783,-3.9836,71.24,27,0,12.12
268,Maku,IR,2022-01-02 10:12:36,39.2911,44.4521,32.97,68,48,0.22
269,Nasturelu,RO,2022-01-02 10:12:36,43.6667,25.4667,54.36,75,8,4.36
270,Bratsk,RU,2022-01-02 10:07:46,56.1325,101.6142,-1.66,96,100,3.15
271,Strezhevoy,RU,2022-01-02 10:12:36,60.7333,77.5889,12.18,95,100,7.02
272,Champerico,GT,2022-01-02 10:12:37,14.3,-91.9167,76.03,82,59,8.14
273,Provideniya,RU,2022-01-02 10:12:17,64.3833,-173.3,8.2,97,100,4.27
274,Korla,CN,2022-01-02 10:11:04,41.7597,86.1469,27.21,46,34,0.69
275,Quatre Cocos,MU,2022-01-02 10:12:38,-20.2078,57.7625,84.31,60,78,11.32
276,Sorland,NO,2022-01-02 10:12:39,67.667,12.6934,30.92,95,100,31.94
277,Simao,CN,2022-01-02 10:12:39,22.7886,100.9748,60.73,83,77,3.04
278,Baruun-Urt,MN,2022-01-02 10:12:40,46.6806,113.2792,-3.05,88,10,4.83
279,Mae Sot,TH,2022-01-02 10:12:40,16.7167,98.5667,84.06,41,1,8.59
280,Bambous Virieux,MU,2022-01-02 10:12:40,-20.3428,57.7575,84.45,58,40,12.66
281,Baley,RU,2022-01-02 10:12:41,51.6,116.6333,-13.31,100,92,3.13
282,Bowen,AU,2022-01-02 10:12:41,-20.0167,148.2333,82.58,78,53,9.86
283,Sabang,ID,2022-01-02 10:12:41,5.8933,95.3214,80.46,77,100,19.95
284,Baoshan,CN,2022-01-02 10:12:42,46.5586,131.4244,0.7,83,43,14.03
285,Mayo,US,2022-01-02 10:12:42,38.8876,-76.5119,60.17,96,100,3.0
286,Sitges,ES,2022-01-02 10:08:56,41.2351,1.8119,66.33,59,44,3.0
287,Kununurra,AU,2022-01-02 10:12:43,-15.7667,128.7333,94.98,52,100,10.36
288,Cap Malheureux,MU,2022-01-02 10:12:43,-19.9842,57.6142,84.69,60,68,8.99
289,Jieshou,CN,2022-01-02 10:12:44,33.2634,115.3611,47.07,34,100,6.82
290,Nianzishan,CN,2022-01-02 10:10:41,47.5167,122.8833,2.16,57,2,8.05
291,Lowestoft,GB,2022-01-02 10:08:21,52.4752,1.7516,56.16,86,75,20.78
292,Macas,EC,2022-01-02 10:09:33,-2.3167,-78.1167,68.29,95,94,2.37
293,Terra Santa,BR,2022-01-02 10:12:45,-2.1042,-56.4869,71.04,99,53,1.74
294,Buin,CL,2022-01-02 10:12:45,-33.7333,-70.75,66.74,58,2,0.43
295,Fethiye,TR,2022-01-02 10:12:46,36.6217,29.1164,66.07,49,2,4.63
296,Cayenne,GF,2022-01-02 10:12:46,4.9333,-52.3333,79.09,83,75,8.01
297,Bronnoysund,NO,2022-01-02 10:12:47,65.4625,12.1997,39.2,81,40,24.16
298,Mayor Pablo Lagerenza,PY,2022-01-02 10:12:47,-19.9309,-60.7718,80.51,66,2,10.29
299,Tanout,NE,2022-01-02 10:12:47,14.9709,8.8879,69.08,25,25,21.5
300,Chardara,KZ,2022-01-02 10:11:58,41.2547,67.9692,53.6,47,25,11.01
301,Grindavik,IS,2022-01-02 10:12:48,63.8424,-22.4338,25.27,58,75,33.38
302,Coihueco,CL,2022-01-02 10:12:48,-36.6167,-71.8333,56.14,88,91,5.75
303,Mishan,CN,2022-01-02 10:12:49,45.55,131.8833,2.08,78,60,10.96
304,Asau,RO,2022-01-02 10:12:49,46.4333,26.4,46.4,73,100,2.68
305,Vikhorevka,RU,2022-01-02 10:12:19,56.1201,101.1636,-0.76,98,100,2.86
306,Athabasca,CA,2022-01-02 10:12:50,54.7169,-113.2854,1.4,98,90,1.68
307,Nanortalik,GL,2022-01-02 10:12:50,60.1432,-45.2371,25.84,85,100,5.1
308,Mosetse,BW,2022-01-02 10:12:50,-20.75,26.65,91.44,29,2,4.43
309,Farafangana,MG,2022-01-02 10:12:51,-22.8167,47.8333,83.91,72,48,8.55
310,Loiza,PR,2022-01-02 10:12:51,18.4313,-65.8802,75.2,72,40,0.0
311,Vestmannaeyjar,IS,2022-01-02 10:12:51,63.4427,-20.2734,26.91,53,31,21.54
312,Huaihua,CN,2022-01-02 10:12:52,27.5494,109.9592,49.53,69,74,2.21
313,Sao Joao Da Barra,BR,2022-01-02 10:12:52,-21.6403,-41.0511,77.09,90,100,9.69
314,Vardo,NO,2022-01-02 10:12:52,70.3705,31.1107,23.36,59,100,14.0
315,Morgan City,US,2022-01-02 10:13:53,29.6994,-91.2068,75.04,100,90,9.22
316,Kharp,RU,2022-01-02 10:13:53,66.8014,65.8081,-2.54,96,100,6.69
317,Oussouye,SN,2022-01-02 10:13:54,12.485,-16.5469,82.08,18,50,13.42
318,Mount Pleasant,US,2022-01-02 10:13:54,32.7941,-79.8626,69.1,94,75,5.99
319,Punta Alta,AR,2022-01-02 10:13:54,-38.8759,-62.0736,74.73,40,100,13.35
320,Boende,CD,2022-01-02 10:13:55,-0.2167,20.8667,92.89,45,74,0.69
321,Smithers,CA,2022-01-02 10:13:55,54.7804,-127.1743,19.17,96,100,1.48
322,Arak,IR,2022-01-02 10:13:56,34.0917,49.6892,42.04,63,100,1.32
323,Eldoret,KE,2022-01-02 10:13:56,0.5204,35.2699,76.91,32,51,10.63
324,Tura,IN,2022-01-02 10:13:56,25.5198,90.2201,72.64,40,0,4.41
325,Hithadhoo,MV,2022-01-02 10:13:56,-0.6,73.0833,82.4,73,40,8.39
326,Kasama,ZM,2022-01-02 10:13:57,-10.2129,31.1808,84.16,42,78,1.23
327,Nelson Bay,AU,2022-01-02 10:13:57,-32.7167,152.15,75.09,77,0,1.99
328,Lorengau,PG,2022-01-02 10:13:57,-2.0226,147.2712,81.45,79,100,7.23
329,Belyy Yar,RU,2022-01-02 10:13:58,53.6039,91.3903,1.85,83,100,0.0
330,Bhanjanagar,IN,2022-01-02 10:13:58,19.9333,84.5833,79.2,44,34,5.19
331,Stromness,GB,2022-01-02 10:13:58,58.965,-3.296,46.65,77,99,26.37
332,Tual,ID,2022-01-02 10:13:59,-5.6667,132.75,82.96,75,100,10.67
333,Lavrentiya,RU,2022-01-02 10:13:59,65.5833,-171.0,-1.59,84,100,4.03
334,Adiake,CI,2022-01-02 10:13:59,5.2863,-3.304,80.19,64,36,5.86
335,Saint-Louis,SN,2022-01-02 10:14:00,16.3333,-15.0,78.26,13,97,17.92
336,Coihaique,CL,2022-01-02 10:13:59,-45.5752,-72.0662,41.61,93,0,4.61
337,Moa,CU,2022-01-02 10:14:01,20.6569,-74.9403,76.08,75,79,12.53
338,Maxixe,MZ,2022-01-02 10:14:01,-23.8597,35.3472,89.53,53,7,12.41
339,Panzhihua,CN,2022-01-02 10:14:01,26.5851,101.7128,62.92,50,1,1.39
340,Luau,AO,2022-01-02 10:14:02,-10.7073,22.2247,77.45,64,57,6.04
341,Bintulu,MY,2022-01-02 10:14:03,3.1667,113.0333,79.03,83,100,3.31
342,Tiznit,MA,2022-01-02 10:14:03,29.5833,-9.5,65.91,30,0,4.56
343,Ngorongoro,TZ,2022-01-02 10:14:03,-3.2397,35.4875,72.36,47,23,0.6
344,Polczyn-Zdroj,PL,2022-01-02 10:14:04,53.7642,16.0957,47.89,83,100,18.63
345,Kaniama,CD,2022-01-02 10:14:04,-7.5667,24.1833,82.08,65,97,1.72
346,Kutum,SD,2022-01-02 10:14:04,14.2,24.6667,66.45,20,30,13.06
347,Ancud,CL,2022-01-02 10:14:05,-41.8697,-73.8203,51.33,70,100,15.75
348,Vostok,RU,2022-01-02 10:14:05,46.4856,135.8833,-7.11,96,100,7.76
349,Alofi,NU,2022-01-02 10:14:05,-19.0595,-169.9187,76.21,86,100,20.15
350,Khilok,RU,2022-01-02 10:14:06,51.3674,110.4676,5.61,89,98,12.48
351,Luba,GQ,2022-01-02 10:14:06,3.4568,8.5547,82.33,76,91,3.67
352,Cefalu,IT,2022-01-02 10:14:06,38.0386,14.0229,60.82,80,6,1.01
353,Antalaha,MG,2022-01-02 10:14:07,-14.9003,50.2788,85.59,67,84,8.63
354,Tromso,NO,2022-01-02 10:14:08,69.6496,18.957,26.62,50,20,3.0
355,Kurchum,KZ,2022-01-02 10:14:08,48.5722,83.6542,6.33,84,74,3.11
356,La Plaine,DM,2022-01-02 10:14:09,15.3333,-61.25,75.54,67,41,14.36
357,Agirish,RU,2022-01-02 10:15:09,61.9247,63.0231,11.57,96,100,1.39
358,Kawalu,ID,2022-01-02 10:15:10,-7.3817,108.2082,80.46,72,49,5.26
359,Las Cruces,US,2022-01-02 10:15:10,32.3123,-106.7783,31.01,54,1,3.0
360,Wonthaggi,AU,2022-01-02 10:15:10,-38.6044,145.5913,68.2,82,60,8.7
361,Rio Gallegos,AR,2022-01-02 10:15:11,-51.6226,-69.2181,42.85,65,0,23.02
362,Talnakh,RU,2022-01-02 10:15:11,69.4865,88.3972,-32.8,96,28,4.23
363,Hofn,IS,2022-01-02 10:15:11,64.2539,-15.2082,22.23,61,9,25.03
364,Paramonga,PE,2022-01-02 10:15:12,-10.6667,-77.8333,67.98,88,82,5.23
365,Vao,NC,2022-01-02 10:15:12,-22.6667,167.4833,77.97,77,100,20.2
366,Luganville,VU,2022-01-02 10:15:13,-15.5333,167.1667,81.1,83,100,3.74
367,Yumen,CN,2022-01-02 10:15:13,40.2833,97.2,26.51,33,87,8.37
368,Qaqortoq,GL,2022-01-02 10:15:13,60.7167,-46.0333,21.7,80,100,6.22
369,Mahibadhoo,MV,2022-01-02 10:15:14,3.7833,72.9667,81.73,79,57,14.34
370,Palau,PW,2022-01-02 10:15:14,7.503,134.621,80.56,78,75,5.75
371,Neuruppin,DE,2022-01-02 10:14:32,52.9282,12.8031,52.34,82,100,10.45
372,Sambava,MG,2022-01-02 10:15:15,-14.2667,50.1667,85.86,66,100,9.82
373,Ojinaga,MX,2022-01-02 10:15:16,29.5667,-104.4167,45.55,39,1,16.11
374,Narsaq,GL,2022-01-02 10:15:16,60.9167,-46.05,21.42,87,100,6.24
375,Egvekinot,RU,2022-01-02 10:12:17,66.3167,-179.1667,5.38,96,100,1.14
376,Tevaitoa,PF,2022-01-02 10:15:17,-16.7833,-151.5,81.03,78,94,14.07
377,Adet,ET,2022-01-02 10:15:18,11.2644,37.4888,68.99,42,44,7.09
378,Tignere,CM,2022-01-02 10:15:18,7.3667,12.65,80.53,16,42,6.33
379,Najran,SA,2022-01-02 10:15:18,17.4924,44.1277,77.65,32,99,18.97
380,Road Town,VG,2022-01-02 10:15:19,18.4167,-64.6167,75.99,61,43,16.42
381,Los Llanos De Aridane,ES,2022-01-02 10:15:19,28.6585,-17.9182,72.12,32,0,1.99
382,Dondo,MZ,2022-01-02 10:15:19,-19.6094,34.7431,87.31,56,96,3.33
383,Mayskiy,RU,2022-01-02 10:15:20,47.6931,40.1025,33.44,94,100,13.85
384,Agadir,MA,2022-01-02 10:11:08,30.4202,-9.5982,64.85,27,0,4.5
385,Clyde River,CA,2022-01-02 10:15:20,70.4692,-68.5914,-9.17,77,100,4.61
386,Cabo San Lucas,MX,2022-01-02 10:15:21,22.8909,-109.9124,67.51,81,14,3.89
387,Koumac,NC,2022-01-02 10:15:21,-20.5667,164.2833,80.46,84,100,7.63
388,Borsa,RO,2022-01-02 10:15:21,47.6553,24.6633,39.92,92,92,3.38
389,Gillette,US,2022-01-02 10:15:22,44.2911,-105.5022,19.24,62,1,8.99
390,Oranjestad,AW,2022-01-02 10:15:22,12.524,-70.027,75.9,94,5,5.01
391,Jimeta,NG,2022-01-02 10:15:23,9.2833,12.4667,86.86,14,36,6.22
392,Sterling,US,2022-01-02 10:15:24,39.0062,-77.4286,59.31,98,90,5.99
393,Vysotsk,RU,2022-01-02 10:15:24,60.6288,28.5705,12.87,88,100,3.71
394,Walvis Bay,NA,2022-01-02 10:15:24,-22.9575,14.5053,65.08,64,5,11.36
395,Mikhaylovka,RU,2022-01-02 10:15:25,50.06,43.2379,29.79,94,100,12.44
396,Appleton,US,2022-01-02 10:15:25,44.2619,-88.4154,14.32,75,75,3.0
397,Hovd,MN,2022-01-02 10:15:25,48.0056,91.6419,-0.31,88,2,0.13
398,Zhigansk,RU,2022-01-02 10:15:26,66.7697,123.3711,-46.14,99,76,7.16
399,Komyshnya,UA,2022-01-02 10:12:44,50.1859,33.684,23.31,84,68,13.2
400,Klyuchi,RU,2022-01-02 10:15:27,52.2667,79.1667,16.16,82,84,8.5
401,Ponta Delgada,PT,2022-01-02 10:15:27,37.7333,-25.6667,63.5,94,40,9.22
402,Yabelo,ET,2022-01-02 10:16:36,4.8833,38.0833,78.58,24,4,8.86
403,Talaya,RU,2022-01-02 10:16:40,61.3833,152.75,-23.44,98,100,7.49
404,Devils Lake,US,2022-01-02 10:16:43,48.1128,-98.8651,-16.06,80,1,3.0
405,Ahmadnagar,IN,2022-01-02 10:16:45,19.0833,74.7333,82.44,32,1,3.87
406,Meulaboh,ID,2022-01-02 10:16:46,4.1363,96.1285,78.78,82,100,6.55
407,Lata,PT,2022-01-02 10:16:49,40.1629,-8.3327,57.92,70,82,1.19
408,Port Hedland,AU,2022-01-02 10:16:50,-20.3167,118.5667,86.05,70,0,18.41
409,San Felipe,VE,2022-01-02 10:16:53,10.3399,-68.7425,69.58,89,80,2.71
410,Grand Gaube,MU,2022-01-02 10:16:56,-20.0064,57.6608,84.6,60,63,11.01
411,Tyup,KG,2022-01-02 10:16:58,42.7276,78.3648,25.25,84,80,1.63
412,Arrifes,PT,2022-01-02 10:16:59,37.7667,-25.7,61.23,94,40,9.22
413,Constitucion,CL,2022-01-02 10:17:01,-35.3333,-72.4167,54.79,87,9,3.33
414,Pangnirtung,CA,2022-01-02 10:17:03,66.1451,-65.7125,17.13,71,100,9.71
415,Vanimo,PG,2022-01-02 10:17:06,-2.6741,141.3028,79.21,87,100,9.73
416,Saint-Joseph,RE,2022-01-02 10:17:08,-21.3667,55.6167,80.98,73,49,3.87
417,Sonoita,MX,2022-01-02 10:17:11,31.85,-112.8333,40.53,39,2,8.19
418,Nome,US,2022-01-02 10:17:15,64.5011,-165.4064,-8.84,70,1,3.44
419,Cairns,AU,2022-01-02 10:13:20,-16.9167,145.7667,85.06,94,76,4.61
420,Moose Factory,CA,2022-01-02 10:17:24,51.2585,-80.6094,-22.0,76,1,3.44
421,Chernyshevskiy,RU,2022-01-02 10:17:32,63.0128,112.4714,-21.28,99,100,2.82
422,Srednekolymsk,RU,2022-01-02 10:17:36,67.45,153.6833,-19.1,98,100,10.67
423,Palma Del Rio,ES,2022-01-02 10:17:38,37.7002,-5.2812,61.07,56,100,4.12
424,Garautha,IN,2022-01-02 10:17:40,25.5667,79.3,68.58,33,86,4.52
425,Valleyview,CA,2022-01-02 10:17:42,55.0667,-117.2859,8.64,85,91,17.27
426,Verkhoturye,RU,2022-01-02 10:15:49,58.8627,60.8054,21.6,95,100,4.68
427,Kiunga,PG,2022-01-02 10:17:45,-6.1219,141.2906,75.78,98,100,1.21
428,Port Augusta,AU,2022-01-02 10:17:47,-32.5,137.7667,84.7,69,5,19.35
429,Portage,US,2022-01-02 10:17:49,41.1667,-81.1998,36.82,89,90,4.61
430,Faanui,PF,2022-01-02 10:17:49,-16.4833,-151.75,81.41,76,85,13.33
431,Oil City,US,2022-01-02 10:17:50,41.4339,-79.7064,42.3,97,90,1.99
432,Doclin,RO,2022-01-02 10:17:50,45.2969,21.6539,50.13,82,48,4.65
433,Teya,RU,2022-01-02 10:17:52,60.3778,92.6267,6.48,94,100,6.44
434,Rovaniemi,FI,2022-01-02 10:15:16,66.5,25.7167,4.41,85,0,10.36
435,Tanggu,CN,2022-01-02 10:17:56,39.0211,117.6469,28.36,41,92,5.44
436,Namibe,AO,2022-01-02 10:17:56,-15.1961,12.1522,77.72,63,21,11.95
437,Umm Lajj,SA,2022-01-02 10:17:57,25.0213,37.2685,68.5,52,24,11.21
438,Vanavara,RU,2022-01-02 10:17:59,60.34,102.2797,-17.57,97,85,3.65
439,Tskneti,GE,2022-01-02 10:18:00,41.6939,44.6937,42.3,58,85,5.21
440,Rawson,AR,2022-01-02 10:18:01,-43.3002,-65.1023,66.7,46,94,19.1
441,Batagay,RU,2022-01-02 10:18:02,67.6333,134.6333,-57.1,99,70,1.43
442,Cooma,AU,2022-01-02 10:18:06,-36.2333,149.1333,62.37,94,90,6.91
443,Mirnyy,RU,2022-01-02 10:18:07,62.5353,113.9611,-20.63,96,100,5.03
444,Aksu,CN,2022-01-02 10:18:07,41.1231,80.2644,32.85,35,93,4.23
445,Lazaro Cardenas,MX,2022-01-02 10:18:08,17.9583,-102.2,70.03,87,0,4.68
446,Westport,US,2022-01-02 10:15:15,41.1415,-73.3579,53.42,98,90,1.01
447,Teguldet,RU,2022-01-02 10:19:10,57.3064,88.1667,8.96,88,100,8.5
448,Savannah Bight,HN,2022-01-02 10:19:11,16.45,-85.85,79.0,79,10,23.4
449,Sayyan,YE,2022-01-02 10:17:41,15.1718,44.3244,60.91,43,99,14.36
450,Kirkland Lake,CA,2022-01-02 10:19:12,48.1446,-80.0377,-15.77,76,100,3.27
451,Otane,NZ,2022-01-02 10:19:12,-39.8833,176.6333,67.01,96,83,2.39
452,Canutama,BR,2022-01-02 10:19:13,-6.5339,-64.3831,73.38,98,98,2.53
453,Mayumba,GA,2022-01-02 10:19:14,-3.432,10.6554,80.47,79,100,5.23
454,Samarai,PG,2022-01-02 10:19:14,-10.6167,150.6667,83.19,79,97,12.41
455,Orlik,RU,2022-01-02 10:19:15,52.5178,99.825,-7.08,95,66,3.13
456,Evanston,US,2022-01-02 10:19:17,42.0411,-87.6901,24.8,90,90,3.0
457,Mahudha,IN,2022-01-02 10:19:18,22.8167,72.9333,85.98,36,1,6.93
458,Paita,PE,2022-01-02 10:19:19,-5.0892,-81.1144,69.04,81,89,7.96
459,Suntar,RU,2022-01-02 10:19:19,62.1444,117.6319,-11.88,98,100,3.58
460,Fare,PF,2022-01-02 10:19:20,-16.7,-151.0167,80.08,80,100,13.76
461,Chifeng,CN,2022-01-02 10:19:21,42.2683,118.9636,18.43,34,79,5.75
462,Tavricheskoye,RU,2022-01-02 10:19:21,54.5851,73.6395,17.51,89,100,6.69
463,Aklavik,CA,2022-01-02 10:19:22,68.2191,-135.0107,-22.97,89,100,21.61
464,Ugoofaaru,MV,2022-01-02 10:19:23,5.6667,73.0,82.0,77,26,16.87
465,Dwarka,IN,2022-01-02 10:19:23,22.2394,68.9678,77.11,50,0,12.41
466,Bavly,RU,2022-01-02 10:19:24,54.393,53.2602,30.54,96,100,15.68
467,Livingston,GB,2022-01-02 10:19:25,55.9029,-3.5226,47.8,81,0,17.27
468,Caravelas,BR,2022-01-02 10:19:25,-17.7125,-39.2481,77.61,81,99,5.77
469,Bagdarin,RU,2022-01-02 10:19:26,54.4333,113.6,-15.39,94,100,3.22
470,Makakilo City,US,2022-01-02 10:19:27,21.3469,-158.0858,68.61,84,20,4.61
471,Ca Mau,VN,2022-01-02 10:19:27,9.1769,105.15,82.4,56,92,12.26
472,Obera,AR,2022-01-02 10:19:28,-27.4871,-55.1199,74.43,53,45,3.89
473,Odweyne,SO,2022-01-02 10:19:29,9.4092,45.064,81.12,35,1,4.7
474,Vinh,VN,2022-01-02 10:19:29,18.6667,105.6667,65.19,87,100,3.87
475,Tartagal,AR,2022-01-02 10:19:30,-22.5164,-63.8013,72.66,89,10,3.22
476,Kisangani,CD,2022-01-02 10:19:31,0.5167,25.2,92.23,46,20,0.49
477,Mamurras,AL,2022-01-02 10:19:31,41.5775,19.6922,59.14,55,0,0.0
478,Sulangan,PH,2022-01-02 10:19:32,11.1373,123.7228,75.96,90,100,12.71
479,Hirara,JP,2022-01-02 10:19:33,24.8,125.2833,66.47,82,75,17.27
480,Parrita,CR,2022-01-02 10:19:34,9.5201,-84.3225,74.97,71,52,4.99
481,Dingle,PH,2022-01-02 10:19:34,10.9995,122.6711,73.33,94,100,9.91
482,Manyana,BW,2022-01-02 10:19:35,-23.4,21.7167,90.05,24,0,6.35
483,Saint-Paul,RE,2022-01-02 10:17:18,-21.0096,55.2707,82.51,79,59,2.33
484,Dunedin,NZ,2022-01-02 10:19:36,-45.8742,170.5036,62.69,82,100,7.09
485,Calama,CL,2022-01-02 10:16:07,-22.4667,-68.9333,54.34,31,0,3.2
486,Banjarmasin,ID,2022-01-02 10:19:37,-3.3244,114.591,82.54,89,100,2.64
487,Surt,LY,2022-01-02 10:19:38,31.2089,16.5887,64.38,73,63,16.17
488,Birjand,IR,2022-01-02 10:16:51,32.8663,59.2211,54.07,66,90,9.22
489,Villa Guerrero,MX,2022-01-02 10:19:40,18.8667,-99.65,47.5,43,0,5.03
490,Port Moresby,PG,2022-01-02 10:19:40,-9.4431,147.1797,80.71,77,100,4.25
491,Puerto Escondido,MX,2022-01-02 10:19:41,15.85,-97.0667,74.07,70,1,4.99
492,Yeppoon,AU,2022-01-02 10:19:42,-23.1333,150.7333,85.78,72,38,12.37
493,Zholymbet,KZ,2022-01-02 10:19:42,51.7433,71.7122,13.12,90,78,7.67
494,Christchurch,NZ,2022-01-02 10:20:43,-43.5333,172.6333,67.91,77,100,3.0
495,Turayf,SA,2022-01-02 10:20:44,31.6725,38.6637,50.25,87,75,9.22
496,Abnub,EG,2022-01-02 10:20:44,27.2696,31.1511,62.94,50,0,11.92
497,South Sioux City,US,2022-01-02 10:20:45,42.4739,-96.4136,-6.48,77,1,3.44
498,Marsh Harbour,BS,2022-01-02 10:20:46,26.5412,-77.0636,74.73,75,0,12.33
499,Sibolga,ID,2022-01-02 10:20:46,1.7427,98.7792,74.35,94,100,2.59
500,Kurduvadi,IN,2022-01-02 10:20:47,18.0833,75.4333,84.74,31,3,6.17
501,Sapa,PH,2022-01-02 10:20:47,5.1544,120.3241,80.02,75,80,1.32
502,Vernon,CA,2022-01-02 10:20:48,50.2581,-119.2691,14.61,71,100,3.44
503,Solnechnyy,RU,2022-01-02 10:20:49,50.7214,136.6319,-6.21,97,100,3.49
504,Beloha,MG,2022-01-02 10:20:49,-25.1667,45.05,92.39,32,3,12.08
505,Acandi,CO,2022-01-02 10:20:50,8.5063,-77.2778,76.32,91,99,3.38
506,Esperance,AU,2022-01-02 10:20:50,-33.8667,121.9,65.88,67,7,17.52
507,Nizwa,OM,2022-01-02 10:20:51,22.9333,57.5333,74.55,51,12,7.07
508,Tshikapa,CD,2022-01-02 10:20:52,-6.4167,20.8,84.2,69,69,1.86
509,Hagersville,CA,2022-01-02 10:20:52,42.9668,-80.0497,27.1,95,100,13.47
510,Srandakan,ID,2022-01-02 10:20:53,-7.9386,110.2506,68.74,74,79,7.16
511,Shenjiamen,CN,2022-01-02 10:20:54,29.9576,122.298,47.44,73,2,10.13
512,Komsomolskiy,UZ,2022-01-02 10:20:55,40.4272,71.7189,48.92,25,88,2.3
513,Tondano,ID,2022-01-02 10:17:28,1.3038,124.9112,71.69,96,100,2.93
514,Cavalcante,BR,2022-01-02 10:20:56,-13.7975,-47.4583,66.92,98,100,2.1
515,Waingapu,ID,2022-01-02 10:20:57,-9.6567,120.2641,82.17,80,100,4.05
516,Mandera,KE,2022-01-02 10:17:54,3.9366,41.867,91.49,31,0,7.63
517,Polunochnoye,RU,2022-01-02 10:20:58,60.8697,60.4153,11.97,96,100,2.13
518,Cabedelo,BR,2022-01-02 10:20:58,-6.9811,-34.8339,79.47,74,99,13.11
519,La Rioja,ES,2022-01-02 10:20:59,42.25,-2.5,33.58,49,100,5.26
520,La Ronge,CA,2022-01-02 10:21:00,55.1001,-105.2842,-9.15,70,90,8.05
521,Kokoda,PG,2022-01-02 10:21:01,-8.8785,147.7407,76.66,91,100,3.27
522,Waw,SS,2022-01-02 10:21:02,7.7029,27.9953,91.17,14,52,8.08
523,Kabalo,CD,2022-01-02 10:21:03,-6.05,26.9167,84.74,64,99,1.41
524,Litovko,RU,2022-01-02 10:21:03,49.2361,135.1742,-2.16,86,100,11.83
525,Khoy,IR,2022-01-02 10:21:04,38.5504,44.9535,31.3,72,15,0.6
526,Kharovsk,RU,2022-01-02 10:21:05,59.9642,40.1912,15.26,90,99,10.74
527,Aden,YE,2022-01-02 10:17:01,12.7794,45.0367,79.11,68,52,14.52
528,Merauke,ID,2022-01-02 10:19:26,-8.4667,140.3333,79.97,85,97,7.4
529,Sabha,LY,2022-01-02 10:21:08,27.0377,14.4283,58.98,54,0,8.66
530,Grants,US,2022-01-02 10:20:15,35.1473,-107.8514,5.45,72,0,5.08
531,Rani,IN,2022-01-02 10:21:09,25.3503,73.3089,77.27,32,56,4.81
532,Poco Verde,BR,2022-01-02 10:21:10,-10.7083,-38.1833,74.19,83,100,6.58
533,Muisne,EC,2022-01-02 10:21:11,0.6,-80.0333,74.44,87,100,7.14
534,Makat,KZ,2022-01-02 10:21:11,47.6469,53.3463,35.6,83,99,12.35
535,Leningradskiy,RU,2022-01-02 10:21:12,69.3833,178.4167,5.22,91,100,10.6
536,Gubkinskiy,RU,2022-01-02 10:17:41,64.434,76.5026,9.75,96,100,2.86
537,Vestmanna,FO,2022-01-02 10:21:13,62.1564,-7.1664,34.72,87,75,24.16
538,Eyl,SO,2022-01-02 10:21:13,7.9803,49.8164,83.43,53,1,15.64
539,Bumba,CD,2022-01-02 10:21:14,2.1833,22.4667,91.06,45,100,2.68
540,Rundu,NA,2022-01-02 10:21:15,-17.9333,19.7667,94.86,25,8,7.54
541,Colares,PT,2022-01-02 10:22:15,38.7992,-9.4469,64.33,87,75,3.0
542,Mazamari,PE,2022-01-02 10:22:16,-11.3258,-74.5308,70.83,97,100,2.19
543,Eirunepe,BR,2022-01-02 10:22:17,-6.6603,-69.8736,71.15,99,97,2.24
544,Mutoko,ZW,2022-01-02 10:22:17,-17.397,32.2268,76.46,58,98,8.19
545,Castiglione Del Lago,IT,2022-01-02 10:19:45,43.1271,12.0453,51.55,92,79,3.67
546,Kralendijk,BQ,2022-01-02 10:20:05,12.15,-68.2667,76.98,83,20,18.41
547,Fremont,US,2022-01-02 10:19:49,37.5483,-121.9886,47.01,61,1,0.0
548,Wasilla,US,2022-01-02 10:22:21,61.5814,-149.4394,8.02,86,87,0.47
549,Gannan,CN,2022-01-02 10:22:22,47.9147,123.5031,-4.04,75,0,6.69
