City_ID,City,Country,Lat,Lng,Max Temp,Humidity,Cloudiness,Wind Speed,Current Description,Date
0,Saint-Philippe,RE,-21.3585,55.7679,82.22,85,56,10.02,light rain,2022-01-04 15:07:54
1,Krasnoselkup,RU,65.7,82.4667,18.72,95,100,19.46,light snow,2022-01-04 15:07:55
2,Husavik,IS,66.0449,-17.3389,13.57,92,70,12.86,broken clouds,2022-01-04 15:03:55
3,Boyolangu,ID,-8.1181,111.8935,76.53,81,100,1.36,overcast clouds,2022-01-04 15:07:55
4,Lamballe,FR,48.4676,-2.5144,44.71,90,98,8.99,overcast clouds,2022-01-04 15:07:56
5,Bluff,NZ,-46.6,168.3333,60.8,95,100,6.2,overcast clouds,2022-01-04 15:07:56
6,Mataura,NZ,-46.1927,168.8643,60.48,99,97,0.6,overcast clouds,2022-01-04 15:07:56
7,Qaanaaq,GL,77.484,-69.3632,-4.54,56,60,8.84,broken clouds,2022-01-04 15:07:57
8,Ushuaia,AR,-54.8,-68.3,46.02,61,75,31.07,light rain,2022-01-04 15:07:57
9,Henties Bay,NA,-22.116,14.2845,65.86,75,25,9.91,scattered clouds,2022-01-04 15:07:57
10,Rikitea,PF,-23.1203,-134.9692,76.39,74,100,4.59,light rain,2022-01-04 15:07:58
11,Bredasdorp,ZA,-34.5322,20.0403,69.28,52,41,15.35,scattered clouds,2022-01-04 15:07:58
12,Maragogi,BR,-9.0122,-35.2225,84.63,63,77,12.01,broken clouds,2022-01-04 15:07:58
13,Punta Arenas,CL,-53.15,-70.9167,48.31,37,75,18.41,broken clouds,2022-01-04 15:07:59
14,Nhulunbuy,AU,-12.2333,136.7667,84.81,84,100,10.36,overcast clouds,2022-01-04 15:07:59
15,Vaini,TO,-21.2,-175.2,80.76,89,75,13.8,light rain,2022-01-04 15:07:59
16,Emerald,AU,-23.5333,148.1667,79.34,35,22,7.27,few clouds,2022-01-04 15:08:00
17,Albany,US,42.6001,-73.9662,24.8,80,3,2.82,clear sky,2022-01-04 15:08:00
18,Mogadishu,SO,2.0371,45.3438,80.15,84,100,15.48,overcast clouds,2022-01-04 15:08:00
19,Nikolskoye,RU,59.7035,30.7861,24.8,96,100,9.53,light snow,2022-01-04 15:08:01
20,Morong,PH,14.5115,121.2393,78.15,79,25,9.17,scattered clouds,2022-01-04 15:08:01
21,Cape Town,ZA,-33.9258,18.4232,78.12,53,16,8.01,few clouds,2022-01-04 15:04:55
22,Saldanha,ZA,-33.0117,17.9442,66.02,75,29,15.08,scattered clouds,2022-01-04 15:08:02
23,Gagino,RU,55.2314,45.0339,-8.48,100,73,2.21,broken clouds,2022-01-04 15:08:02
24,Vysokogornyy,RU,50.1167,139.15,-19.59,99,100,4.65,overcast clouds,2022-01-04 15:08:03
25,Puerto Ayora,EC,-0.7393,-90.3518,76.96,85,95,7.29,overcast clouds,2022-01-04 15:08:03
26,Saskylakh,RU,71.9167,114.0833,-44.1,96,16,8.32,few clouds,2022-01-04 15:07:12
27,Terrace,CA,54.5163,-128.6035,-3.57,88,100,3.91,overcast clouds,2022-01-04 15:08:04
28,Te Anau,NZ,-45.4167,167.7167,54.7,94,79,0.6,broken clouds,2022-01-04 15:08:04
29,Asyut,EG,27.181,31.1837,63.79,42,0,8.57,clear sky,2022-01-04 15:07:56
30,Avarua,CK,-21.2078,-159.775,75.25,88,20,3.44,light rain,2022-01-04 15:08:05
31,Spencer,US,43.1414,-95.1444,32.94,75,100,16.49,overcast clouds,2022-01-04 15:08:05
32,Manta,EC,-0.95,-80.7333,75.76,72,100,8.08,overcast clouds,2022-01-04 15:07:41
33,Busselton,AU,-33.65,115.3333,67.05,60,0,17.36,clear sky,2022-01-04 15:08:06
34,Bredy,RU,52.4153,60.3411,5.92,92,100,11.18,overcast clouds,2022-01-04 15:08:06
35,Bar Harbor,US,44.3876,-68.2039,14.61,70,1,8.05,clear sky,2022-01-04 15:08:07
36,Charlestown,AU,-32.95,151.6667,73.72,92,23,1.99,light rain,2022-01-04 15:08:07
37,Ponta Do Sol,PT,32.6667,-17.1,69.12,65,75,8.57,broken clouds,2022-01-04 15:03:37
38,Luderitz,NA,-26.6481,15.1594,73.33,55,0,24.85,clear sky,2022-01-04 15:08:08
39,Khatanga,RU,71.9667,102.5,-41.12,90,7,8.88,clear sky,2022-01-04 15:08:08
40,Ronne,DK,55.1009,14.7066,40.91,100,75,9.22,light rain,2022-01-04 15:08:08
41,Bilma,NE,18.6853,12.9164,69.46,24,100,11.39,overcast clouds,2022-01-04 15:08:09
42,Baturaja,ID,-4.1333,104.1667,74.35,96,100,2.42,moderate rain,2022-01-04 15:05:12
43,Abilene,US,32.4487,-99.7331,45.5,25,1,8.01,clear sky,2022-01-04 15:08:09
44,Norman Wells,CA,65.282,-126.8329,-41.66,100,78,2.44,broken clouds,2022-01-04 15:08:10
45,Kashi,CN,39.4547,75.9797,29.23,47,100,2.86,overcast clouds,2022-01-04 15:08:10
46,Chimbote,PE,-9.0853,-78.5783,72.81,74,23,6.64,few clouds,2022-01-04 15:08:11
47,Port Elizabeth,ZA,-33.918,25.5701,77.09,82,100,9.57,overcast clouds,2022-01-04 15:06:34
48,Tuktoyaktuk,CA,69.4541,-133.0374,-26.5,100,100,7.76,overcast clouds,2022-01-04 15:08:12
49,Lakatoro,VU,-16.0999,167.4164,80.49,85,100,10.16,overcast clouds,2022-01-04 15:08:12
50,Mar Del Plata,AR,-38.0023,-57.5575,71.87,70,11,11.99,few clouds,2022-01-04 15:05:20
51,Menongue,AO,-14.6585,17.691,79.43,54,100,5.99,overcast clouds,2022-01-04 15:08:13
52,Aquiraz,BR,-3.9014,-38.3911,87.89,63,100,11.68,overcast clouds,2022-01-04 15:03:58
53,Cidreira,BR,-30.1811,-50.2056,80.91,72,100,2.51,light rain,2022-01-04 15:08:14
54,Irati,BR,-25.4672,-50.6511,73.08,75,99,4.38,overcast clouds,2022-01-04 15:08:15
55,Kalmunai,LK,7.4167,81.8167,76.37,88,39,10.71,scattered clouds,2022-01-04 15:08:15
56,Tonshayevo,RU,57.736,47.0127,-9.44,100,44,4.0,scattered clouds,2022-01-04 15:08:16
57,Kalat,PK,29.0225,66.5916,42.91,89,100,7.74,overcast clouds,2022-01-04 15:08:16
58,Port Alfred,ZA,-33.5906,26.891,71.69,92,97,15.12,light rain,2022-01-04 15:08:16
59,Yellowknife,CA,62.456,-114.3525,-20.7,97,100,7.58,overcast clouds,2022-01-04 15:08:17
60,Abu Kamal,SY,34.4506,40.9171,54.21,54,100,0.63,overcast clouds,2022-01-04 15:08:17
61,Kiunga,PG,-6.1219,141.2906,73.45,100,100,1.77,overcast clouds,2022-01-04 15:08:17
62,Zabaykalsk,RU,49.6333,117.3167,-4.68,88,41,3.76,scattered clouds,2022-01-04 15:08:18
63,Kodiak,US,57.79,-152.4072,21.87,91,100,13.42,light snow,2022-01-04 15:08:18
64,Vysha,RU,53.8477,42.3777,3.7,98,93,3.53,overcast clouds,2022-01-04 15:08:18
65,Chokurdakh,RU,70.6333,147.9167,-44.03,100,43,2.91,scattered clouds,2022-01-04 15:06:35
66,Hamilton,US,39.1834,-84.5333,31.37,82,1,1.01,clear sky,2022-01-04 15:03:35
67,Quatre Cocos,MU,-20.2078,57.7625,80.1,78,73,11.59,broken clouds,2022-01-04 15:08:19
68,Rawson,AR,-43.3002,-65.1023,67.93,31,3,18.9,clear sky,2022-01-04 15:06:52
69,Hobart,AU,-42.8794,147.3294,57.06,89,90,5.75,overcast clouds,2022-01-04 15:08:20
70,Deming,US,32.2687,-107.7586,35.78,74,1,5.75,clear sky,2022-01-04 15:08:20
71,Kapaa,US,22.0752,-159.319,69.78,100,40,0.0,scattered clouds,2022-01-04 15:08:21
72,Outjo,NA,-20.1167,16.15,98.8,9,39,15.5,scattered clouds,2022-01-04 15:08:22
73,Ust-Tsilma,RU,65.441,52.1498,-6.54,93,100,8.01,overcast clouds,2022-01-04 15:08:22
74,Zhangjiakou,CN,40.81,114.8794,19.22,45,0,2.13,clear sky,2022-01-04 15:08:22
75,Suleja,NG,9.1758,7.1808,92.5,15,100,3.47,overcast clouds,2022-01-04 15:08:23
76,Guanica,PR,17.9716,-66.908,85.42,57,1,11.01,clear sky,2022-01-04 15:08:23
77,Hohhot,CN,40.8106,111.6522,20.53,46,25,2.21,scattered clouds,2022-01-04 15:08:23
78,Saint-Joseph,RE,-21.3667,55.6167,81.21,83,46,7.92,scattered clouds,2022-01-04 15:08:24
79,Tigil,RU,57.8,158.6667,19.71,93,100,4.14,overcast clouds,2022-01-04 15:08:24
80,Lata,PT,40.1629,-8.3327,53.92,90,96,9.78,overcast clouds,2022-01-04 15:08:24
81,Rocha,UY,-34.4833,-54.3333,98.85,27,97,9.82,overcast clouds,2022-01-04 15:08:25
82,Iqaluit,CA,63.7506,-68.5145,5.7,77,100,20.0,light snow,2022-01-04 15:08:25
83,Kingston,JM,17.997,-76.7936,83.16,44,1,1.01,clear sky,2022-01-04 15:07:01
84,Aklavik,CA,68.2191,-135.0107,-31.47,99,16,6.26,few clouds,2022-01-04 15:08:26
85,Curuca,BR,-0.7289,-47.8481,82.09,78,98,1.97,overcast clouds,2022-01-04 15:08:26
86,Hilo,US,19.7297,-155.09,69.39,89,1,5.75,light rain,2022-01-04 15:08:27
87,New Iberia,US,30.0035,-91.8187,39.2,87,1,4.61,clear sky,2022-01-04 15:08:28
88,Sao Joao Da Barra,BR,-21.6403,-41.0511,84.29,86,100,11.41,overcast clouds,2022-01-04 15:08:28
89,Dikson,RU,73.5069,80.5464,-27.83,89,99,16.42,overcast clouds,2022-01-04 15:08:28
90,Cabo San Lucas,MX,22.8909,-109.9124,67.51,86,1,6.91,clear sky,2022-01-04 15:08:28
91,Atuona,PF,-9.8,-139.0333,78.06,77,27,15.95,light rain,2022-01-04 15:08:29
92,Lonevag,NO,60.5262,5.4937,40.21,93,100,13.0,light rain,2022-01-04 15:08:29
93,Clyde River,CA,70.4692,-68.5914,-3.93,76,100,16.73,overcast clouds,2022-01-04 15:08:30
94,Praya,CV,14.9215,-23.5087,81.14,47,20,18.41,few clouds,2022-01-04 15:05:09
95,Leningradskiy,RU,69.3833,178.4167,25.23,79,100,6.17,overcast clouds,2022-01-04 15:08:30
96,Thompson,CA,55.7435,-97.8558,-23.1,97,41,5.14,scattered clouds,2022-01-04 15:08:31
97,Marsa Matruh,EG,31.3525,27.2453,62.78,52,0,9.44,clear sky,2022-01-04 15:08:31
98,Boryslav,UA,49.2867,23.4324,44.22,86,100,17.38,light rain,2022-01-04 15:07:38
99,Soeng Sang,TH,14.4264,102.4606,76.01,68,51,1.3,broken clouds,2022-01-04 15:08:32
100,Laguna,US,38.421,-121.4238,53.76,77,90,1.01,overcast clouds,2022-01-04 15:08:32
101,Mount Isa,AU,-20.7333,139.5,78.57,57,13,3.44,few clouds,2022-01-04 15:08:32
102,Ixtapa,MX,20.7,-105.2,67.23,88,1,5.75,clear sky,2022-01-04 15:08:33
103,Vestmannaeyjar,IS,63.4427,-20.2734,34.79,47,0,14.97,clear sky,2022-01-04 15:05:00
104,Airai,TL,-8.9266,125.4092,61.75,94,100,1.45,overcast clouds,2022-01-04 15:08:33
105,Burns Lake,CA,54.2331,-125.7533,-12.87,90,100,2.75,overcast clouds,2022-01-04 15:08:34
106,Broome,US,42.2506,-75.833,26.82,78,40,4.0,scattered clouds,2022-01-04 15:08:34
107,Atar,MR,20.5169,-13.0499,81.9,11,33,14.09,scattered clouds,2022-01-04 15:08:35
108,Lavrentiya,RU,65.5833,-171.0,1.63,82,67,3.33,broken clouds,2022-01-04 15:08:35
109,Bubaque,GW,11.2833,-15.8333,79.34,60,24,10.67,few clouds,2022-01-04 15:08:35
110,Gondanglegi,ID,-7.7479,112.0132,75.49,86,100,5.39,overcast clouds,2022-01-04 15:08:36
111,Tyrma,RU,50.0833,132.1667,-29.42,100,45,1.32,scattered clouds,2022-01-04 15:08:36
112,Santa Vitoria Do Palmar,BR,-33.5189,-53.3681,88.77,47,71,7.76,broken clouds,2022-01-04 15:08:36
113,Souillac,MU,-20.5167,57.5167,80.37,80,79,11.77,broken clouds,2022-01-04 15:08:37
114,Iquitos,PE,-3.7481,-73.2472,89.64,62,0,8.05,clear sky,2022-01-04 15:08:37
115,Tiksi,RU,71.6872,128.8694,-36.11,97,99,9.84,overcast clouds,2022-01-04 15:08:19
116,Beni,CD,0.5,29.4667,78.49,55,100,1.92,overcast clouds,2022-01-04 15:08:38
117,Vardo,NO,70.3705,31.1107,19.38,73,75,12.66,broken clouds,2022-01-04 15:08:38
118,Tres Arroyos,AR,-38.3739,-60.2798,77.22,26,7,20.24,clear sky,2022-01-04 15:04:18
119,Jacareacanga,BR,-6.2222,-57.7528,82.42,75,97,3.27,overcast clouds,2022-01-04 15:08:39
120,Attur,IN,11.6,78.6167,70.92,82,36,5.32,scattered clouds,2022-01-04 15:08:39
121,Puerto Baquerizo Moreno,EC,-0.9,-89.6,72.59,94,75,12.66,light rain,2022-01-04 15:08:40
122,Jamestown,US,42.097,-79.2353,27.01,83,1,7.0,clear sky,2022-01-04 15:08:40
123,Palmerston,AU,-12.486,130.9833,85.98,82,20,10.36,few clouds,2022-01-04 15:08:41
124,Lorengau,PG,-2.0226,147.2712,81.32,77,92,9.55,overcast clouds,2022-01-04 15:08:41
125,Moerai,PF,-22.4333,-151.3333,79.16,74,98,8.28,light rain,2022-01-04 15:08:41
126,Virginia Beach,US,36.8529,-75.978,37.99,64,20,16.11,few clouds,2022-01-04 15:08:42
127,Kupang,ID,-10.1667,123.5833,80.11,86,100,7.23,overcast clouds,2022-01-04 15:08:42
128,The Valley,AI,18.217,-63.0578,82.26,74,5,11.43,clear sky,2022-01-04 15:05:14
129,Fortuna,US,40.5982,-124.1573,49.93,96,90,5.01,moderate rain,2022-01-04 15:08:43
130,Okhotsk,RU,59.3833,143.3,-14.3,85,7,14.85,clear sky,2022-01-04 15:08:43
131,Barrow,US,71.2906,-156.7887,-5.78,71,90,13.8,overcast clouds,2022-01-04 15:08:43
132,Buraydah,SA,26.326,43.975,57.31,28,0,8.25,clear sky,2022-01-04 15:08:32
133,Margate,GB,51.3813,1.3862,39.9,86,100,10.0,light rain,2022-01-04 15:08:44
134,Luganville,VU,-15.5333,167.1667,78.96,88,100,9.35,overcast clouds,2022-01-04 15:08:44
135,Pemba,MZ,-12.974,40.5178,83.1,69,75,14.97,broken clouds,2022-01-04 15:06:47
136,Luba,GQ,3.4568,8.5547,81.7,72,100,3.87,overcast clouds,2022-01-04 15:08:45
137,Mahebourg,MU,-20.4081,57.7,80.26,79,74,11.81,broken clouds,2022-01-04 15:08:45
138,Laizhou,CN,37.1717,119.9214,30.18,61,100,6.22,overcast clouds,2022-01-04 15:08:46
139,Hermanus,ZA,-34.4187,19.2345,73.9,67,25,13.09,scattered clouds,2022-01-04 15:08:46
140,Ukiah,US,39.1502,-123.2078,51.44,95,90,0.0,mist,2022-01-04 15:08:46
141,Victoria,HK,22.2855,114.1577,68.38,82,93,1.99,overcast clouds,2022-01-04 15:06:19
142,Aqtobe,KZ,50.2797,57.2072,10.49,79,40,11.18,light snow,2022-01-04 15:08:47
143,Mapimi,MX,25.8167,-103.85,45.37,32,29,2.46,scattered clouds,2022-01-04 15:08:47
144,Kaitangata,NZ,-46.2817,169.8464,56.95,98,100,2.13,overcast clouds,2022-01-04 15:08:48
145,Myaundzha,RU,63.0494,147.1858,-35.36,100,87,3.13,overcast clouds,2022-01-04 15:08:48
146,Farafangana,MG,-22.8167,47.8333,80.15,77,32,5.75,scattered clouds,2022-01-04 15:08:48
147,Sangar,RU,63.9242,127.4739,-38.33,98,100,2.8,overcast clouds,2022-01-04 15:08:49
148,Yulara,AU,-25.2406,130.9889,89.44,13,5,11.5,clear sky,2022-01-04 15:08:49
149,Westport,US,41.1415,-73.3579,27.45,60,0,4.0,clear sky,2022-01-04 15:08:49
150,Adre,TD,13.4667,22.2,78.78,19,4,7.23,clear sky,2022-01-04 15:08:50
151,Bengkulu,ID,-3.8004,102.2655,75.87,89,92,3.62,overcast clouds,2022-01-04 15:08:50
152,Pidhorodne,UA,48.5753,35.1068,36.64,99,100,6.11,overcast clouds,2022-01-04 15:08:22
153,Lebu,CL,-37.6167,-73.65,61.83,66,9,13.06,clear sky,2022-01-04 15:08:51
154,Nueve De Julio,AR,-35.4444,-60.8831,92.46,16,96,17.47,overcast clouds,2022-01-04 15:08:51
155,Suntar,RU,62.1444,117.6319,-49.14,100,55,1.03,broken clouds,2022-01-04 15:08:52
156,Ovalle,CL,-30.5983,-71.2003,82.51,39,0,5.59,clear sky,2022-01-04 15:04:57
157,Arraial Do Cabo,BR,-22.9661,-42.0278,85.86,62,75,14.97,broken clouds,2022-01-04 15:08:53
158,Ribeira Grande,PT,38.5167,-28.7,61.2,63,75,6.91,broken clouds,2022-01-04 15:08:53
159,Petropavlovsk-Kamchatskiy,RU,53.0452,158.6483,23.61,91,100,7.54,snow,2022-01-04 15:08:53
160,Cuenca,EC,-2.8833,-78.9833,64.17,63,96,2.95,overcast clouds,2022-01-04 15:08:52
161,Lodingen,NO,68.414,15.9951,30.11,69,100,5.01,overcast clouds,2022-01-04 15:08:54
162,Ruteng,ID,-8.6136,120.4721,63.5,94,100,1.57,overcast clouds,2022-01-04 15:08:55
163,Piacabucu,BR,-10.4056,-36.4344,84.29,61,82,10.78,broken clouds,2022-01-04 15:08:55
164,Council Bluffs,US,41.2619,-95.8608,34.68,73,75,16.11,broken clouds,2022-01-04 15:04:47
165,Harsin,IR,34.2721,47.5861,40.01,58,89,4.83,overcast clouds,2022-01-04 15:08:56
166,Glenwood Springs,US,39.5505,-107.3248,29.43,73,1,1.01,clear sky,2022-01-04 15:08:56
167,New Norfolk,AU,-42.7826,147.0587,56.7,76,100,1.28,overcast clouds,2022-01-04 15:08:57
168,Grindavik,IS,63.8424,-22.4338,21.67,86,0,3.44,clear sky,2022-01-04 15:08:57
169,Arlit,NE,18.7369,7.3853,77.47,12,0,2.77,clear sky,2022-01-04 15:08:58
170,Fairbanks,US,64.8378,-147.7164,-29.24,98,1,5.75,clear sky,2022-01-04 15:05:07
171,Maceio,BR,-9.6658,-35.7353,85.44,65,75,9.22,broken clouds,2022-01-04 15:08:58
172,Spirovo,RU,57.419,34.9766,17.17,95,97,7.63,overcast clouds,2022-01-04 15:08:59
173,Pakenham,AU,-38.0667,145.4833,69.84,81,100,5.01,overcast clouds,2022-01-04 15:08:59
174,Harper,LR,4.375,-7.7169,82.63,72,55,6.44,light rain,2022-01-04 15:08:59
175,Imeni Poliny Osipenko,RU,52.4201,136.4853,-30.69,100,17,1.59,few clouds,2022-01-04 15:05:18
176,Jiupu,CN,41.0667,122.95,15.67,32,0,3.02,clear sky,2022-01-04 15:09:00
177,Ilulissat,GL,69.2167,-51.1,25.88,64,100,11.54,overcast clouds,2022-01-04 15:07:18
178,Katsuura,JP,35.1333,140.3,39.31,45,64,15.03,broken clouds,2022-01-04 15:09:01
179,Lensk,RU,60.7253,114.9278,-30.89,100,23,1.07,few clouds,2022-01-04 15:09:02
180,Xining,CN,36.6167,101.7667,27.1,35,0,0.76,clear sky,2022-01-04 15:09:02
181,Aschersleben,DE,51.75,11.4667,45.39,80,100,7.07,overcast clouds,2022-01-04 15:04:19
182,Erenhot,CN,43.6475,111.9767,13.93,54,0,3.69,clear sky,2022-01-04 15:09:03
183,Tiznit,MA,29.5833,-9.5,67.77,22,37,8.99,scattered clouds,2022-01-04 15:09:03
184,Polis,CY,35.0367,32.4264,64.22,81,94,12.12,overcast clouds,2022-01-04 15:09:04
185,Khingansk,RU,49.1167,131.1833,-22.68,95,5,1.83,clear sky,2022-01-04 15:09:04
186,Coihaique,CL,-45.5752,-72.0662,59.61,51,40,10.36,scattered clouds,2022-01-04 15:09:05
187,San Cristobal,VE,7.7669,-72.225,73.58,42,83,4.9,broken clouds,2022-01-04 15:09:05
188,Morwell,AU,-38.2333,146.4,66.9,95,100,7.27,overcast clouds,2022-01-04 15:09:05
189,Shelopugino,RU,51.6514,117.5599,-16.15,99,43,2.51,scattered clouds,2022-01-04 15:09:06
190,Tomatlan,MX,19.9333,-105.25,72.88,67,0,1.21,clear sky,2022-01-04 15:09:06
191,Pevek,RU,69.7008,170.3133,23.61,78,100,18.84,overcast clouds,2022-01-04 15:09:06
192,Tual,ID,-5.6667,132.75,80.69,84,100,20.49,overcast clouds,2022-01-04 15:09:07
193,Turayf,SA,31.6725,38.6637,50.86,59,1,11.86,clear sky,2022-01-04 15:09:07
194,Mata,PT,40.683,-7.4592,50.81,81,100,10.22,overcast clouds,2022-01-04 15:09:07
195,Tasiilaq,GL,65.6145,-37.6368,24.96,93,100,26.24,snow,2022-01-04 15:09:08
196,Klyuchi,RU,52.2667,79.1667,31.75,99,100,9.6,light snow,2022-01-04 15:09:08
197,Marsh Harbour,BS,26.5412,-77.0636,71.37,71,100,14.65,overcast clouds,2022-01-04 15:09:09
198,Kiruna,SE,67.8557,20.2251,2.32,92,90,1.14,light snow,2022-01-04 15:06:28
199,Georgetown,MY,5.4112,100.3354,82.89,77,20,0.0,few clouds,2022-01-04 15:09:09
200,Shelburne,CA,44.0787,-80.2041,24.12,92,99,12.77,overcast clouds,2022-01-04 15:09:10
201,Ahuimanu,US,21.4447,-157.8378,69.51,95,75,5.75,moderate rain,2022-01-04 15:09:10
202,Codrington,AU,-38.2667,141.9667,59.65,91,100,18.01,overcast clouds,2022-01-04 15:09:10
203,Sao Jose Da Coroa Grande,BR,-8.8978,-35.1478,83.82,65,75,11.32,broken clouds,2022-01-04 15:09:11
204,Chinhoyi,ZW,-17.3667,30.2,73.99,81,72,5.48,moderate rain,2022-01-04 15:09:11
205,Egvekinot,RU,66.3167,-179.1667,6.44,97,98,3.0,overcast clouds,2022-01-04 15:09:11
206,Castro,BR,-24.7911,-50.0119,68.7,88,100,6.73,overcast clouds,2022-01-04 15:09:12
207,Karachi,PK,24.9056,67.0822,62.42,82,90,5.75,drizzle,2022-01-04 15:05:15
208,Dubovka,RU,49.0583,44.829,32.95,98,100,11.54,light snow,2022-01-04 15:09:12
209,Faanui,PF,-16.4833,-151.75,79.93,74,30,6.53,scattered clouds,2022-01-04 15:09:13
210,Tonj,SS,7.2737,28.6822,89.74,17,89,7.45,overcast clouds,2022-01-04 15:09:14
211,Bauchi,NG,10.5,10.0,82.51,22,100,7.23,overcast clouds,2022-01-04 15:06:37
212,Camopi,GF,3.1655,-52.3158,83.39,62,98,4.83,overcast clouds,2022-01-04 15:09:15
213,Norwich,GB,52.6278,1.2983,39.92,82,20,3.0,few clouds,2022-01-04 15:09:15
214,Upata,VE,8.0086,-62.3989,80.19,49,90,5.61,overcast clouds,2022-01-04 15:09:15
215,Lompoc,US,34.6391,-120.4579,52.79,87,75,0.0,fog,2022-01-04 15:09:16
216,Fare,PF,-16.7,-151.0167,80.19,73,86,5.73,overcast clouds,2022-01-04 15:09:16
217,Kollam,IN,8.8833,76.6,84.07,73,20,5.48,few clouds,2022-01-04 15:05:11
218,Sitka,US,57.0531,-135.33,19.29,49,90,12.66,overcast clouds,2022-01-04 15:09:17
219,Esperance,AU,-33.8667,121.9,62.64,79,20,17.67,few clouds,2022-01-04 15:09:17
220,Itarema,BR,-2.9248,-39.9167,88.36,58,71,14.97,broken clouds,2022-01-04 15:09:18
221,Sabang,ID,5.8933,95.3214,79.77,78,100,9.91,light rain,2022-01-04 15:09:18
222,Maturin,VE,9.75,-63.1767,81.64,60,58,7.96,broken clouds,2022-01-04 15:09:19
223,Santiago,CL,-33.4569,-70.6483,82.29,41,0,4.61,clear sky,2022-01-04 15:06:46
224,Amahai,ID,-3.3333,128.9167,78.53,84,100,5.1,overcast clouds,2022-01-04 15:09:20
225,Salalah,OM,17.0151,54.0924,78.89,73,0,6.91,clear sky,2022-01-04 15:07:49
226,Vila Franca Do Campo,PT,37.7167,-25.4333,61.21,57,81,2.08,broken clouds,2022-01-04 15:09:21
227,Hirara,JP,24.8,125.2833,70.52,67,93,17.25,overcast clouds,2022-01-04 15:09:21
228,Inhambane,MZ,-23.865,35.3833,81.72,64,3,13.35,clear sky,2022-01-04 15:09:21
229,Mehamn,NO,71.0357,27.8492,17.78,83,100,20.31,light snow,2022-01-04 15:09:22
230,Meridian,US,43.6121,-116.3915,34.09,96,90,3.44,mist,2022-01-04 15:09:22
231,Garowe,SO,8.4054,48.4845,84.34,28,83,3.67,broken clouds,2022-01-04 15:09:22
232,Naze,JP,28.3667,129.4833,56.43,65,47,3.98,scattered clouds,2022-01-04 15:09:23
233,Awbari,LY,26.5921,12.7805,64.83,32,0,6.29,clear sky,2022-01-04 15:09:23
234,Broken Hill,AU,-31.95,141.4333,65.12,45,9,17.67,clear sky,2022-01-04 15:09:23
235,San Patricio,US,28.017,-97.5169,59.94,60,20,2.46,few clouds,2022-01-04 15:09:24
236,Bethel,US,41.3712,-73.414,25.54,62,1,1.01,clear sky,2022-01-04 15:09:24
237,Havoysund,NO,70.9963,24.6622,17.83,87,100,23.78,light snow,2022-01-04 15:09:24
238,Hithadhoo,MV,-0.6,73.0833,83.55,65,100,2.48,overcast clouds,2022-01-04 15:09:25
239,Torbay,CA,47.6666,-52.7314,23.58,92,90,11.5,snow,2022-01-04 15:09:25
240,Babati,TZ,-4.2167,35.75,82.47,23,100,6.38,overcast clouds,2022-01-04 15:09:26
241,Geraldton,AU,-28.7667,114.6,74.12,83,0,13.8,clear sky,2022-01-04 15:09:26
242,Teseney,ER,15.11,36.6575,81.21,29,12,11.83,few clouds,2022-01-04 15:09:27
243,Madison,US,34.7334,-86.5667,35.24,94,48,1.99,scattered clouds,2022-01-04 15:09:27
244,Namie,JP,37.4833,141.0,32.97,75,14,16.13,few clouds,2022-01-04 15:09:27
245,Quelimane,MZ,-17.8786,36.8883,82.74,68,100,8.37,overcast clouds,2022-01-04 15:09:28
246,Kayerkan,RU,69.3497,87.7602,0.37,94,100,11.81,light snow,2022-01-04 15:09:28
247,Carnarvon,AU,-24.8667,113.6333,78.87,73,0,19.57,light rain,2022-01-04 15:09:29
248,Longyearbyen,SJ,78.2186,15.6401,1.24,71,20,12.66,few clouds,2022-01-04 15:09:29
249,San Quintin,MX,30.4833,-115.95,52.45,77,99,8.23,overcast clouds,2022-01-04 15:09:29
250,Vostok,RU,46.4856,135.8833,-24.99,98,33,3.83,scattered clouds,2022-01-04 15:09:30
251,Siruguppa,IN,15.6333,76.9,72.99,42,24,5.95,few clouds,2022-01-04 15:09:30
252,Altay,CN,47.8667,88.1167,17.22,59,19,8.23,few clouds,2022-01-04 15:09:30
253,Sinegorye,RU,62.0788,150.477,-10.48,99,100,2.08,overcast clouds,2022-01-04 15:09:31
254,Half Moon Bay,US,37.4636,-122.4286,55.15,96,90,0.0,mist,2022-01-04 15:09:31
255,Eirunepe,BR,-6.6603,-69.8736,82.08,84,97,3.47,overcast clouds,2022-01-04 15:09:32
256,Rye,US,40.9807,-73.6837,27.91,62,0,1.01,clear sky,2022-01-04 15:09:32
257,Champerico,GT,14.3,-91.9167,86.76,66,0,0.72,clear sky,2022-01-04 15:09:32
258,Jinji,CN,23.2281,110.8261,65.32,74,1,0.51,clear sky,2022-01-04 15:09:33
259,Wufeng,CN,27.45,104.8333,33.93,89,80,3.4,broken clouds,2022-01-04 15:09:33
260,Ozernovskiy,RU,51.5,156.5167,25.92,65,100,6.46,overcast clouds,2022-01-04 15:09:33
261,Svetlogorsk,BY,52.6333,29.7333,35.01,96,100,6.2,overcast clouds,2022-01-04 15:08:39
262,Lazaro Cardenas,MX,17.9583,-102.2,78.42,49,0,2.26,clear sky,2022-01-04 15:09:34
263,Caldas Novas,BR,-17.7417,-48.625,80.26,70,70,9.91,broken clouds,2022-01-04 15:09:34
264,Matara,LK,5.9485,80.5353,77.67,87,84,2.64,broken clouds,2022-01-04 15:09:35
265,Shetpe,KZ,44.1667,52.1167,34.7,87,100,11.36,overcast clouds,2022-01-04 15:09:35
266,Sistranda,NO,63.7256,8.834,29.89,72,43,16.91,scattered clouds,2022-01-04 15:09:35
267,Kroya,ID,-7.6331,109.2461,78.82,78,88,2.46,overcast clouds,2022-01-04 15:09:36
268,Qaqortoq,GL,60.7167,-46.0333,41.5,56,99,18.14,overcast clouds,2022-01-04 15:09:36
269,Saint-Pierre,RE,-21.3393,55.4781,82.29,70,0,13.8,clear sky,2022-01-04 15:09:20
270,Inongo,CD,-1.95,18.2667,74.05,84,100,6.51,overcast clouds,2022-01-04 15:09:37
271,Sioux Lookout,CA,50.1001,-91.917,-1.82,94,100,7.18,overcast clouds,2022-01-04 15:09:37
272,Pontianak,ID,-0.0333,109.3333,76.98,94,20,3.44,moderate rain,2022-01-04 15:09:38
273,Cherskiy,RU,68.75,161.3,8.31,95,100,2.59,light snow,2022-01-04 15:09:38
274,Acarau,BR,-2.8856,-40.12,88.11,59,57,15.08,broken clouds,2022-01-04 15:09:38
275,Nokaneng,BW,-19.6667,22.2667,91.71,30,100,13.24,overcast clouds,2022-01-04 15:09:39
276,Butaritari,KI,3.0707,172.7902,81.36,67,100,9.75,overcast clouds,2022-01-04 15:09:39
277,Upernavik,GL,72.7868,-56.1549,5.34,92,99,13.67,overcast clouds,2022-01-04 15:07:18
278,Mgandu,TZ,-5.95,34.1333,76.69,49,100,4.27,overcast clouds,2022-01-04 15:09:41
279,Tripoli,LY,32.8752,13.1875,66.72,42,0,5.39,clear sky,2022-01-04 15:07:47
280,Ancud,CL,-41.8697,-73.8203,56.73,62,50,5.14,scattered clouds,2022-01-04 15:09:24
281,Balkanabat,TM,39.5108,54.3671,46.89,51,100,6.73,overcast clouds,2022-01-04 15:09:42
282,Bathsheba,BB,13.2167,-59.5167,81.21,65,75,20.71,broken clouds,2022-01-04 15:09:42
283,Port Keats,AU,-14.25,129.55,84.51,79,68,12.35,broken clouds,2022-01-04 15:09:43
284,Wajima,JP,37.4,136.9,34.2,76,100,21.21,light rain,2022-01-04 15:09:43
285,Roald,NO,62.5833,6.1333,36.09,80,75,9.22,broken clouds,2022-01-04 15:09:44
286,Galle,LK,6.0367,80.217,79.0,82,78,4.61,broken clouds,2022-01-04 15:07:34
287,Yerbogachen,RU,61.2767,108.0108,-31.27,100,70,2.77,broken clouds,2022-01-04 15:09:45
288,Cockburn Town,TC,21.4612,-71.1419,78.22,67,4,10.25,clear sky,2022-01-04 15:05:14
289,Lagoa,PT,39.05,-27.9833,57.43,61,92,7.34,overcast clouds,2022-01-04 15:09:45
290,Helong,CN,42.5397,128.9972,0.88,80,1,4.7,clear sky,2022-01-04 15:09:46
291,Kiama,AU,-34.6833,150.8667,71.38,87,31,5.37,scattered clouds,2022-01-04 15:09:46
292,Provideniya,RU,64.3833,-173.3,6.76,89,19,5.84,few clouds,2022-01-04 15:09:47
293,Syracuse,IT,37.0881,15.2792,66.43,69,0,3.02,clear sky,2022-01-04 15:09:47
294,Meulaboh,ID,4.1363,96.1285,76.44,85,66,2.06,broken clouds,2022-01-04 15:09:47
295,Porto Novo,BJ,6.4965,2.6036,87.93,51,88,11.18,overcast clouds,2022-01-04 15:09:48
296,Vangaindrano,MG,-23.35,47.6,79.23,78,52,5.66,broken clouds,2022-01-04 15:09:49
297,Lamar,US,33.6668,-95.5836,40.64,69,1,12.66,clear sky,2022-01-04 15:09:49
298,Hasaki,JP,35.7333,140.8333,36.0,40,20,26.93,few clouds,2022-01-04 15:09:50
299,Tumen,CN,42.9661,129.8425,2.07,87,3,3.56,clear sky,2022-01-04 15:09:50
300,Peniche,PT,39.3558,-9.3811,59.74,79,45,23.67,scattered clouds,2022-01-04 15:09:50
301,Guerrero Negro,MX,27.9769,-114.0611,56.17,80,65,10.38,broken clouds,2022-01-04 15:09:51
302,Ikom,NG,5.9667,8.7063,96.71,20,100,2.62,overcast clouds,2022-01-04 15:09:51
303,Jizan,SA,17.3333,42.6667,79.39,58,75,8.5,broken clouds,2022-01-04 15:09:51
304,San Jose De Gracia,MX,20.6667,-102.5833,59.41,45,0,1.57,clear sky,2022-01-04 15:05:05
305,Ballina,AU,-28.8667,153.5667,72.79,98,15,14.27,few clouds,2022-01-04 15:09:52
306,Puli,TW,23.9664,120.9695,63.21,78,38,4.56,scattered clouds,2022-01-04 15:09:52
307,Otane,NZ,-39.8833,176.6333,63.39,97,91,1.61,overcast clouds,2022-01-04 15:09:53
308,Ulladulla,AU,-35.35,150.4667,69.76,83,52,2.51,broken clouds,2022-01-04 15:09:53
309,Robertsonpet,IN,12.9667,78.2833,67.1,75,7,8.39,clear sky,2022-01-04 15:09:54
310,Cap-Aux-Meules,CA,47.3821,-61.8597,19.38,66,100,22.19,overcast clouds,2022-01-04 15:09:54
311,Kendal,GB,54.3268,-2.7476,42.31,78,5,16.37,clear sky,2022-01-04 15:09:55
312,Pangnirtung,CA,66.1451,-65.7125,5.58,77,83,6.58,broken clouds,2022-01-04 15:09:55
313,East London,ZA,-33.0153,27.9116,72.73,90,95,12.57,overcast clouds,2022-01-04 15:09:56
314,Izumo,JP,35.3667,132.7667,39.45,91,99,7.05,overcast clouds,2022-01-04 15:05:12
315,Touros,BR,-5.1989,-35.4608,90.5,58,56,16.26,broken clouds,2022-01-04 15:09:56
316,Coahuayana,MX,18.7333,-103.6833,77.77,64,0,2.55,clear sky,2022-01-04 15:09:57
317,Bambanglipuro,ID,-7.95,110.2833,77.86,75,100,2.95,overcast clouds,2022-01-04 15:09:57
318,Hinche,HT,19.15,-72.0167,80.02,48,5,3.27,clear sky,2022-01-04 15:09:57
319,Severo-Kurilsk,RU,50.6789,156.125,26.96,94,100,6.31,snow,2022-01-04 15:09:58
320,Yar-Sale,RU,66.8333,70.8333,2.71,96,100,20.36,light snow,2022-01-04 15:09:58
321,Dubbo,AU,-32.25,148.6167,68.13,77,0,14.97,clear sky,2022-01-04 15:09:58
322,Rassvet,RU,46.8333,40.75,36.23,79,52,16.24,broken clouds,2022-01-04 15:09:59
323,Vanimo,PG,-2.6741,141.3028,77.22,90,100,7.81,overcast clouds,2022-01-04 15:09:59
324,Kilindoni,TZ,-7.9139,39.6668,83.77,70,93,12.68,overcast clouds,2022-01-04 15:09:59
325,Binga,ZW,-17.6203,27.3414,84.81,55,91,5.21,overcast clouds,2022-01-04 15:10:03
326,Juan Lacaze,UY,-34.4342,-57.4381,84.27,55,74,16.35,broken clouds,2022-01-04 15:10:04
327,Cayenne,GF,4.9333,-52.3333,86.04,75,75,5.01,broken clouds,2022-01-04 15:10:05
328,Moron,AR,-34.6534,-58.6198,91.96,37,79,10.85,broken clouds,2022-01-04 15:10:06
329,Viedma,AR,-40.8135,-62.9967,68.7,27,0,23.58,clear sky,2022-01-04 15:10:07
330,La Reforma,MX,25.0833,-108.05,60.26,59,20,4.38,few clouds,2022-01-04 15:10:08
331,Piet Retief,ZA,-27.0071,30.8132,64.35,79,78,8.55,light rain,2022-01-04 15:10:09
332,Havelock,US,34.8791,-76.9013,41.94,76,1,7.0,clear sky,2022-01-04 15:10:09
333,Santa Maria,BR,-29.6842,-53.8069,75.18,70,98,7.07,overcast clouds,2022-01-04 15:10:09
334,Mangrol,IN,21.1167,70.1167,74.21,78,1,6.08,clear sky,2022-01-04 15:10:10
335,Amazar,RU,53.858,120.875,-9.8,99,100,1.57,overcast clouds,2022-01-04 15:10:11
336,Huangmei,CN,30.1924,116.025,49.42,74,100,6.96,overcast clouds,2022-01-04 15:08:52
337,Yambio,SS,4.5721,28.3955,88.02,23,100,4.74,overcast clouds,2022-01-04 15:10:11
338,Itoman,JP,26.1247,127.6694,64.42,68,75,5.75,broken clouds,2022-01-04 15:10:11
339,Caravelas,BR,-17.7125,-39.2481,86.9,51,87,8.05,overcast clouds,2022-01-04 15:10:12
340,Coroata,BR,-4.13,-44.1242,81.84,81,98,3.24,overcast clouds,2022-01-04 15:10:12
341,Ostrovnoy,RU,68.0531,39.5131,12.42,88,100,2.91,light snow,2022-01-04 15:10:13
342,Savannah Bight,HN,16.45,-85.85,80.01,73,3,14.63,clear sky,2022-01-04 15:10:13
343,Abalak,RU,58.1286,68.5944,1.17,95,100,8.81,overcast clouds,2022-01-04 15:10:14
344,Eshowe,ZA,-28.8865,31.4699,73.63,77,41,9.48,moderate rain,2022-01-04 15:10:14
345,Mikhaylovka,RU,50.06,43.2379,24.78,95,99,10.54,overcast clouds,2022-01-04 15:10:14
346,Anadyr,RU,64.75,177.4833,16.23,90,100,7.49,overcast clouds,2022-01-04 15:10:15
347,Jingdezhen,CN,29.2947,117.2079,52.57,63,54,3.33,broken clouds,2022-01-04 15:10:15
348,San Jeronimo,PE,-11.9472,-75.2829,61.0,47,46,1.34,scattered clouds,2022-01-04 15:10:15
349,Bud,US,39.447,-86.1758,29.21,89,53,10.67,broken clouds,2022-01-04 15:10:16
350,Artvin,TR,41.1667,41.8333,34.88,99,100,0.49,light snow,2022-01-04 15:10:07
351,Nome,US,64.5011,-165.4064,12.27,37,1,9.42,clear sky,2022-01-04 15:09:29
352,Niamey,NE,13.5137,2.1098,86.5,14,6,8.97,clear sky,2022-01-04 15:10:17
353,Mahuta,TZ,-10.8667,39.45,83.19,53,100,8.19,overcast clouds,2022-01-04 15:10:17
354,Maniitsoq,GL,65.4167,-52.9,31.82,52,99,19.82,overcast clouds,2022-01-04 15:10:18
355,Srednekolymsk,RU,67.45,153.6833,-13.63,99,100,6.17,light snow,2022-01-04 15:10:18
356,Gidole,ET,5.65,37.3667,72.09,33,100,2.24,overcast clouds,2022-01-04 15:10:18
357,Sola,VU,-13.8833,167.55,81.99,77,100,16.58,overcast clouds,2022-01-04 15:10:19
358,Marzuq,YE,14.4,46.4667,75.94,50,92,0.85,overcast clouds,2022-01-04 15:10:19
359,Barga,IT,44.0742,10.4808,53.06,99,100,5.82,overcast clouds,2022-01-04 15:10:19
360,Linxia,CN,35.6003,103.2064,28.87,51,0,2.39,clear sky,2022-01-04 15:10:20
361,Huarmey,PE,-10.0681,-78.1522,72.7,79,66,6.93,broken clouds,2022-01-04 15:10:20
362,Nogliki,RU,51.8333,143.1667,-11.07,81,98,14.23,overcast clouds,2022-01-04 15:10:20
363,Baisha,CN,26.5222,110.9311,59.58,79,100,0.49,overcast clouds,2022-01-04 15:10:21
364,Bambous Virieux,MU,-20.3428,57.7575,79.21,78,73,11.54,broken clouds,2022-01-04 15:10:21
365,Lethem,GY,3.3803,-59.7968,88.68,39,83,13.65,broken clouds,2022-01-04 15:10:21
366,Muzhi,RU,65.3667,64.6667,0.34,95,100,9.4,light snow,2022-01-04 15:10:22
367,Beringovskiy,RU,63.05,179.3167,10.18,96,79,2.35,broken clouds,2022-01-04 15:10:22
368,Koslan,RU,63.4564,48.8989,-10.17,97,94,5.64,overcast clouds,2022-01-04 15:10:23
369,Luwuk,ID,-0.9516,122.7875,77.92,80,100,2.71,overcast clouds,2022-01-04 15:10:23
370,Tra Vinh,VN,9.9347,106.3453,76.59,81,37,9.66,scattered clouds,2022-01-04 15:10:23
371,Pisco,PE,-13.7,-76.2167,70.02,83,20,6.91,mist,2022-01-04 15:10:24
372,Portland,US,45.5234,-122.6762,41.43,93,75,1.99,light rain,2022-01-04 15:10:24
373,Sao Filipe,CV,14.8961,-24.4956,75.42,58,59,8.16,broken clouds,2022-01-04 15:10:25
374,Bira,RU,49.0,132.4667,-18.36,96,6,3.51,clear sky,2022-01-04 15:10:25
375,Subirana,HN,15.2,-87.45,62.04,85,67,3.36,broken clouds,2022-01-04 15:10:26
376,Saalfeld,DE,50.65,11.3667,44.49,96,100,5.06,overcast clouds,2022-01-04 15:10:26
377,Kieta,PG,-6.2167,155.6333,79.0,82,75,3.09,broken clouds,2022-01-04 15:09:55
378,Yatou,CN,37.15,122.3833,30.63,56,100,5.21,overcast clouds,2022-01-04 15:10:27
379,Goderich,CA,43.7501,-81.7165,31.91,72,76,18.43,broken clouds,2022-01-04 15:10:27
380,Klaksvik,FO,62.2266,-6.589,36.52,84,100,49.28,overcast clouds,2022-01-04 15:10:28
381,Umm Bab,QA,25.2142,50.8072,64.08,53,0,19.8,clear sky,2022-01-04 15:10:28
382,Svetlyy,RU,54.675,20.1347,42.85,89,100,12.53,overcast clouds,2022-01-04 15:10:29
383,Kununurra,AU,-15.7667,128.7333,87.78,62,78,9.22,broken clouds,2022-01-04 15:10:29
384,Meleuz,RU,52.9667,55.9167,3.69,97,98,3.94,overcast clouds,2022-01-04 15:10:30
385,Aasiaat,GL,68.7098,-52.8699,25.63,69,100,19.06,overcast clouds,2022-01-04 15:10:30
386,Acapulco,MX,16.8634,-99.8901,75.02,78,20,4.61,few clouds,2022-01-04 15:10:30
387,Khor,RU,47.8861,134.9464,-28.52,99,19,2.68,few clouds,2022-01-04 15:10:31
388,Berlevag,NO,70.8578,29.0864,15.75,73,100,12.66,light snow,2022-01-04 15:10:31
389,Camacha,PT,33.0833,-16.3333,60.22,77,40,19.57,scattered clouds,2022-01-04 15:10:31
390,Marsabit,KE,2.3284,37.9899,77.23,40,100,11.41,overcast clouds,2022-01-04 15:10:32
391,Nunkini,MX,20.3333,-90.1833,69.76,63,81,5.41,broken clouds,2022-01-04 15:10:32
392,Chernyshevskiy,RU,63.0128,112.4714,-49.88,100,76,1.63,broken clouds,2022-01-04 15:10:33
393,Sao Miguel Do Araguaia,BR,-13.275,-50.1628,78.98,80,98,9.13,moderate rain,2022-01-04 15:10:33
394,Polysayevo,RU,54.6012,86.2459,27.73,73,100,10.74,overcast clouds,2022-01-04 15:10:11
395,Uige,AO,-7.6087,15.0613,67.03,98,100,1.81,overcast clouds,2022-01-04 15:10:33
396,Tautira,PF,-17.7333,-149.15,75.22,77,98,9.4,light rain,2022-01-04 15:10:34
397,Karratha,AU,-20.7377,116.8463,87.08,56,73,12.93,light rain,2022-01-04 15:10:34
398,Umea,SE,63.8284,20.2597,24.73,100,90,6.91,light snow,2022-01-04 15:06:57
399,Purpe,RU,64.4803,76.6897,14.49,92,100,16.82,overcast clouds,2022-01-04 15:10:35
400,Nanortalik,GL,60.1432,-45.2371,33.33,87,99,19.35,overcast clouds,2022-01-04 15:07:17
401,Wewak,PG,-3.5534,143.6268,79.23,87,100,12.66,overcast clouds,2022-01-04 15:10:36
402,Alice Springs,AU,-23.7,133.8833,87.35,11,5,13.8,clear sky,2022-01-04 15:10:36
403,Bichena,ET,10.45,38.2,64.62,46,89,3.91,overcast clouds,2022-01-04 15:10:37
404,Monte Gordo,PT,37.1819,-7.4523,60.75,60,57,21.34,broken clouds,2022-01-04 15:10:37
405,Khash,IR,28.2211,61.2158,51.04,67,12,17.16,few clouds,2022-01-04 15:09:44
406,Shihezi,CN,44.3,86.0333,13.06,90,71,3.83,broken clouds,2022-01-04 15:10:39
407,Dingle,PH,10.9995,122.6711,73.15,91,34,7.96,scattered clouds,2022-01-04 15:10:39
408,Turinsk,RU,58.0458,63.696,3.52,88,100,10.31,overcast clouds,2022-01-04 15:10:39
409,Hamada,JP,34.8833,132.0833,39.99,74,98,10.02,overcast clouds,2022-01-04 15:10:40
410,Chifeng,CN,42.2683,118.9636,16.29,38,0,4.0,clear sky,2022-01-04 15:10:40
411,San Luis Potosi,MX,22.5,-100.5,48.74,52,0,4.36,clear sky,2022-01-04 15:10:41
412,Pierre,US,44.3683,-100.351,12.85,84,1,8.05,clear sky,2022-01-04 15:10:41
413,Saint George,US,37.1041,-113.5841,30.67,86,1,0.0,clear sky,2022-01-04 15:10:42
414,Ust-Nera,RU,64.5667,143.2,-36.81,97,40,1.59,scattered clouds,2022-01-04 15:06:28
415,Macusani,PE,-14.0833,-70.4333,51.17,48,91,3.11,overcast clouds,2022-01-04 15:10:42
416,Usinsk,RU,65.9939,57.5281,-10.26,95,100,12.08,overcast clouds,2022-01-04 15:10:43
417,Baicheng,CN,45.6167,122.8167,-2.04,90,14,8.43,few clouds,2022-01-04 15:10:44
418,Umm Lajj,SA,25.0213,37.2685,73.31,44,0,18.03,clear sky,2022-01-04 15:10:44
419,Talnakh,RU,69.4865,88.3972,-0.76,98,100,10.47,light snow,2022-01-04 15:10:45
420,Skibbereen,IE,51.55,-9.2667,42.6,61,49,8.95,scattered clouds,2022-01-04 15:10:45
421,Una,IN,20.8167,71.0333,73.24,73,4,2.77,clear sky,2022-01-04 15:10:45
422,Novo Aripuana,BR,-5.1206,-60.3797,84.7,71,90,3.69,overcast clouds,2022-01-04 15:10:46
423,Kruisfontein,ZA,-34.0033,24.7314,74.88,67,73,11.68,broken clouds,2022-01-04 15:10:46
424,Russell,US,32.3502,-85.1999,41.38,83,37,6.67,scattered clouds,2022-01-04 15:10:46
425,Berdigestyakh,RU,62.0989,126.6992,-38.76,100,98,2.46,overcast clouds,2022-01-04 15:10:47
426,Vilyuysk,RU,63.7553,121.6247,-53.25,100,86,2.66,overcast clouds,2022-01-04 15:10:47
427,Jiujiang,CN,29.7333,115.9833,52.39,62,88,10.45,overcast clouds,2022-01-04 15:10:48
428,Noumea,NC,-22.2763,166.4572,82.0,99,74,6.71,broken clouds,2022-01-04 15:10:48
429,Mnogovershinnyy,RU,53.9353,139.9242,-18.65,81,3,5.46,clear sky,2022-01-04 15:10:49
430,Coquimbo,CL,-29.9533,-71.3436,62.33,88,75,12.66,broken clouds,2022-01-04 15:08:24
431,Teya,RU,60.3778,92.6267,20.48,91,100,6.87,overcast clouds,2022-01-04 15:10:49
432,Arman,RU,59.7,150.1667,6.33,81,100,7.9,overcast clouds,2022-01-04 15:10:50
433,Bandar-E Lengeh,IR,26.5579,54.8807,68.11,52,0,22.79,clear sky,2022-01-04 15:10:50
434,Killybegs,IE,54.6333,-8.45,42.46,57,97,24.27,light rain,2022-01-04 15:10:50
435,Kpandu,GH,6.9954,0.2931,88.25,46,92,6.87,overcast clouds,2022-01-04 15:10:51
436,Narsaq,GL,60.9167,-46.05,41.22,60,84,17.18,broken clouds,2022-01-04 15:10:51
437,Kutum,SD,14.2,24.6667,70.25,19,10,8.75,clear sky,2022-01-04 15:10:51
438,Les Escoumins,CA,48.1111,-69.0236,6.62,88,92,11.52,overcast clouds,2022-01-04 15:10:52
439,Tessalit,ML,20.1986,1.0114,75.6,14,0,5.7,clear sky,2022-01-04 15:10:52
440,Hualmay,PE,-11.0964,-77.6139,72.86,77,64,8.16,broken clouds,2022-01-04 15:10:53
441,Colomi,BO,-17.35,-65.8667,64.47,58,58,2.44,broken clouds,2022-01-04 15:10:53
442,Qui Nhon,VN,13.7667,109.2333,72.48,90,46,7.67,scattered clouds,2022-01-04 15:10:53
443,San Vicente,AR,-26.6167,-54.1333,75.33,81,61,3.0,light rain,2022-01-04 15:10:54
444,Copperas Cove,US,31.1241,-97.9031,45.52,58,1,9.22,clear sky,2022-01-04 15:10:54
445,Hambantota,LK,6.1241,81.1185,79.02,79,75,13.49,broken clouds,2022-01-04 15:10:54
446,Faya,SA,18.3851,42.4509,54.12,81,54,5.75,broken clouds,2022-01-04 15:10:55
447,Najran,SA,17.4924,44.1277,66.63,54,90,6.93,overcast clouds,2022-01-04 15:10:55
448,Salvador,SV,13.8333,-88.9167,79.2,62,4,4.18,clear sky,2022-01-04 15:10:55
449,Kjollefjord,NO,70.9457,27.3465,17.65,84,100,22.32,light snow,2022-01-04 15:10:56
450,Ejido,VE,8.5514,-71.2375,76.68,45,99,5.35,overcast clouds,2022-01-04 15:10:56
451,Topeka,US,39.0483,-95.678,36.57,64,1,3.0,clear sky,2022-01-04 15:10:56
452,Chuy,UY,-33.6971,-53.4616,89.69,46,93,8.23,overcast clouds,2022-01-04 15:10:57
453,Saint-Augustin,CA,51.226,-58.6502,-3.93,75,26,11.43,scattered clouds,2022-01-04 15:10:57
454,Dunedin,NZ,-45.8742,170.5036,58.08,95,100,1.72,overcast clouds,2022-01-04 15:10:57
455,Port Lincoln,AU,-34.7333,135.8667,61.34,66,48,18.16,scattered clouds,2022-01-04 15:10:58
456,Mao,ES,39.8885,4.2658,61.36,88,20,13.8,few clouds,2022-01-04 15:08:24
457,Grand Gaube,MU,-20.0064,57.6608,79.38,76,58,5.99,broken clouds,2022-01-04 15:10:58
458,Yashkul,RU,46.1711,45.3435,41.54,89,100,19.86,overcast clouds,2022-01-04 15:10:59
459,Nantucket,US,41.2835,-70.0995,29.01,69,1,10.36,clear sky,2022-01-04 15:10:59
460,Sinnamary,GF,5.3833,-52.95,81.23,69,98,9.35,overcast clouds,2022-01-04 15:10:59
461,Zhuhai,CN,22.2769,113.5678,68.11,83,20,8.05,few clouds,2022-01-04 15:10:59
462,Daru,PG,-9.0763,143.2092,78.21,88,100,9.42,overcast clouds,2022-01-04 15:11:00
463,Avera,US,33.194,-82.5271,41.72,46,0,10.25,clear sky,2022-01-04 15:11:00
464,Nuuk,GL,64.1835,-51.7216,36.21,51,90,14.97,overcast clouds,2022-01-04 15:11:01
465,Manitouwadge,CA,49.1215,-85.8403,-2.92,92,100,4.21,overcast clouds,2022-01-04 15:11:01
466,Havre-Saint-Pierre,CA,50.2334,-63.5986,5.52,64,67,9.13,broken clouds,2022-01-04 15:11:02
467,Eucaliptus,BO,-17.5833,-67.5167,64.09,33,24,3.76,few clouds,2022-01-04 15:11:02
468,Cabra,ES,37.4725,-4.4421,62.04,72,29,1.99,scattered clouds,2022-01-04 15:11:02
469,Lindi,TZ,-10.0,39.7167,83.82,64,100,8.88,overcast clouds,2022-01-04 15:11:03
470,Abu Samrah,SY,35.3029,37.1841,54.12,73,74,19.3,broken clouds,2022-01-04 15:11:03
471,Aykhal,RU,66.0,111.5,-42.29,100,59,7.02,broken clouds,2022-01-04 15:11:03
472,Valparaiso,CL,-33.0393,-71.6273,77.23,57,0,3.44,clear sky,2022-01-04 15:09:02
473,Sorong,ID,-0.8833,131.25,79.81,81,100,3.2,moderate rain,2022-01-04 15:11:04
474,Puerto Escondido,MX,15.85,-97.0667,79.77,45,0,3.85,clear sky,2022-01-04 15:11:04
475,Khandyga,RU,62.6667,135.6,-49.99,99,53,2.15,broken clouds,2022-01-04 15:11:05
476,Tarakan,ID,3.3,117.6333,78.3,94,40,2.3,scattered clouds,2022-01-04 15:11:05
477,Bonavista,CA,48.6499,-53.1147,23.11,80,100,11.39,light snow,2022-01-04 15:11:06
478,Rundu,NA,-17.9333,19.7667,88.11,34,82,3.51,broken clouds,2022-01-04 15:11:06
479,Donskoy,RU,53.9711,38.3363,6.31,97,85,3.06,overcast clouds,2022-01-04 15:11:07
480,Chemal,RU,51.4111,86.005,25.83,81,96,7.05,overcast clouds,2022-01-04 15:11:07
481,Estancia,BR,-11.2683,-37.4383,85.48,45,100,10.04,overcast clouds,2022-01-04 15:09:56
482,Lao Cai,VN,22.4833,103.95,62.4,93,6,1.12,clear sky,2022-01-04 15:11:08
483,Stulpicani,RO,47.4667,25.7667,46.94,73,100,9.28,overcast clouds,2022-01-04 15:11:08
484,Betanzos,ES,43.2804,-8.2147,54.66,81,40,6.91,scattered clouds,2022-01-04 15:11:08
485,Monteagudo,BO,-19.8167,-63.9833,85.78,32,19,4.25,few clouds,2022-01-04 15:11:09
486,Nyuzen,JP,36.9333,137.5,33.03,74,100,14.29,snow,2022-01-04 15:11:09
487,Saint Anthony,US,45.0205,-93.218,28.15,85,1,4.0,clear sky,2022-01-04 15:11:10
488,Madhoganj,IN,27.1167,80.15,60.15,45,1,0.67,clear sky,2022-01-04 15:11:10
489,Astrea,CO,9.4983,-73.9759,84.72,49,48,3.47,scattered clouds,2022-01-04 15:11:10
490,Nanchong,CN,30.7951,106.0847,47.14,86,99,1.59,overcast clouds,2022-01-04 15:11:10
491,Nova Era,BR,-19.75,-43.0375,73.78,78,100,5.73,heavy intensity rain,2022-01-04 15:11:11
492,Komsomolskiy,UZ,40.4272,71.7189,42.22,94,100,1.41,light rain,2022-01-04 15:11:11
493,Lubango,AO,-14.9172,13.4925,69.91,60,100,5.39,light rain,2022-01-04 15:11:11
494,Qandala,SO,11.472,49.8728,78.22,74,87,2.57,overcast clouds,2022-01-04 15:11:12
495,Mareeba,AU,-17.0,145.4333,77.43,78,41,3.22,scattered clouds,2022-01-04 15:11:12
496,Paita,PE,-5.0892,-81.1144,81.16,72,99,8.48,overcast clouds,2022-01-04 15:11:12
497,Slavsk,RU,55.0425,21.677,39.31,89,100,8.86,overcast clouds,2022-01-04 15:11:13
498,Manaure,CO,11.7751,-72.4445,83.07,60,92,19.84,overcast clouds,2022-01-04 15:11:13
499,Wanaka,NZ,-44.7,169.15,59.36,91,87,0.85,overcast clouds,2022-01-04 15:11:13
500,Hellvik,NO,59.9156,5.781,40.77,84,100,8.99,overcast clouds,2022-01-04 15:11:14
501,Adrar,MR,20.5022,-10.0711,76.69,13,50,12.91,scattered clouds,2022-01-04 15:11:14
502,Trairi,BR,-3.2778,-39.2689,87.51,59,65,13.76,broken clouds,2022-01-04 15:09:58
503,Sur,OM,22.5667,59.5289,71.98,88,98,4.12,overcast clouds,2022-01-04 15:11:15
504,Novyye Burasy,RU,52.1324,46.0714,15.13,95,100,8.12,overcast clouds,2022-01-04 15:11:15
505,Yeppoon,AU,-23.1333,150.7333,74.98,85,32,8.3,scattered clouds,2022-01-04 15:11:16
506,Simpang,ID,-1.2667,104.0833,75.49,95,100,2.3,overcast clouds,2022-01-04 15:11:16
507,Ouesso,CG,1.6136,16.0517,92.03,25,94,2.91,overcast clouds,2022-01-04 15:11:16
508,Lebedyn,UA,50.5852,34.4849,31.28,98,100,4.52,overcast clouds,2022-01-04 15:11:17
509,Tepelene,AL,40.2958,20.0192,55.18,83,16,3.51,few clouds,2022-01-04 15:11:17
510,San Pedro Zacapa,HN,14.75,-88.1167,72.14,94,93,3.33,overcast clouds,2022-01-04 15:11:17
511,Waynesboro,US,38.0685,-78.8895,27.57,92,1,0.0,clear sky,2022-01-04 15:11:18
512,Sept-Iles,CA,50.2001,-66.3821,3.06,67,74,5.35,broken clouds,2022-01-04 15:11:18
513,Liverpool,GB,53.4106,-2.9779,43.29,63,40,15.99,scattered clouds,2022-01-04 15:06:40
514,Rybnaya Sloboda,RU,55.4613,50.1409,-2.22,100,45,1.12,scattered clouds,2022-01-04 15:11:19
515,Pekalongan,ID,-6.8886,109.6753,79.02,79,100,1.48,overcast clouds,2022-01-04 15:11:19
516,Klyavlino,RU,54.2649,52.0267,-11.58,100,56,2.21,broken clouds,2022-01-04 15:11:19
517,Zhigansk,RU,66.7697,123.3711,-49.5,100,96,3.24,overcast clouds,2022-01-04 15:11:20
518,Rodez,FR,44.5,2.5833,60.48,55,0,17.27,clear sky,2022-01-04 15:09:34
519,Makakilo City,US,21.3469,-158.0858,68.32,91,20,4.61,light rain,2022-01-04 15:11:20
520,Padang,ID,-0.9492,100.3543,78.85,88,75,2.68,broken clouds,2022-01-04 15:11:21
521,Perth,AU,-31.9333,115.8333,79.66,48,0,19.57,clear sky,2022-01-04 15:11:21
522,Tazovskiy,RU,67.4667,78.7,17.64,93,100,17.87,light snow,2022-01-04 15:11:21
523,Turbat,PK,26.0023,63.044,65.79,92,100,11.43,light rain,2022-01-04 15:11:22
524,Pella,RU,59.7775,30.8181,24.96,96,100,9.62,light snow,2022-01-04 15:11:22
525,Vallenar,CL,-28.5708,-70.7581,81.01,39,0,7.74,clear sky,2022-01-04 15:11:22
526,Baykit,RU,61.67,96.37,1.74,99,100,2.77,overcast clouds,2022-01-04 15:11:23
527,Nisia Floresta,BR,-6.0911,-35.2086,90.41,52,61,14.25,broken clouds,2022-01-04 15:11:23
528,Hovd,MN,48.0056,91.6419,-2.56,83,4,1.9,clear sky,2022-01-04 15:11:24
529,Itaituba,BR,-4.2761,-55.9836,81.9,74,100,2.86,overcast clouds,2022-01-04 15:11:24
530,Namtsy,RU,62.7161,129.6658,-45.29,99,100,3.51,overcast clouds,2022-01-04 15:11:25
531,Pueblo Nuevo,MX,23.3833,-105.3833,53.78,42,0,4.74,clear sky,2022-01-04 15:11:25
532,Campbellsville,US,37.3434,-85.3419,30.87,65,5,3.0,clear sky,2022-01-04 15:11:25
533,Qasigiannguit,GL,68.8193,-51.1922,27.14,61,100,9.73,overcast clouds,2022-01-04 15:07:18
534,Oliver,CA,49.1831,-119.5524,14.14,94,86,1.05,overcast clouds,2022-01-04 15:11:26
535,Black River,JM,18.0264,-77.8487,81.99,49,1,3.65,clear sky,2022-01-04 15:11:27
536,Kizhinga,RU,51.8462,109.9097,-2.88,96,28,2.46,scattered clouds,2022-01-04 15:11:27
537,Davidson,US,36.1501,-86.7833,33.12,88,20,5.01,fog,2022-01-04 15:11:28
538,Lantana,US,26.5867,-80.052,74.03,72,1,4.0,clear sky,2022-01-04 15:11:28
539,Biak,ID,-0.9131,122.8766,76.84,78,100,2.64,overcast clouds,2022-01-04 15:11:28
540,Pombas,CV,17.1503,-25.0201,76.78,58,88,13.27,overcast clouds,2022-01-04 15:11:29
541,Manacapuru,BR,-3.2997,-60.6206,84.78,61,99,3.8,overcast clouds,2022-01-04 15:11:29
542,Alipur,PK,29.3846,70.9116,65.98,40,100,5.35,moderate rain,2022-01-04 15:11:30
543,Sokolovskoye,RU,45.2583,40.6797,41.61,88,100,16.44,overcast clouds,2022-01-04 15:11:30
544,Svetlaya,RU,46.5389,138.3297,2.01,72,93,9.51,overcast clouds,2022-01-04 15:11:30
545,Thinadhoo,MV,0.5333,72.9333,81.3,74,100,0.78,overcast clouds,2022-01-04 15:11:30
546,Sovetskiy,RU,61.3614,63.5842,-4.41,95,98,5.84,overcast clouds,2022-01-04 15:11:31
547,Ulety,RU,51.3572,112.4849,3.85,92,21,4.32,few clouds,2022-01-04 15:11:31
548,Kysyl-Syr,RU,63.8986,122.7617,-43.04,100,100,1.01,overcast clouds,2022-01-04 15:11:31
549,Millerovo,RU,48.9226,40.3967,25.03,94,100,13.35,overcast clouds,2022-01-04 15:11:32
550,Swan Hill,AU,-35.3378,143.5544,65.39,75,46,11.74,scattered clouds,2022-01-04 15:11:32
551,Asilah,MA,35.465,-6.0348,62.56,76,35,17.9,scattered clouds,2022-01-04 15:11:32
552,Kuching,MY,1.55,110.3333,75.42,94,40,2.3,moderate rain,2022-01-04 15:11:33
553,Bintulu,MY,3.1667,113.0333,77.43,87,100,4.43,overcast clouds,2022-01-04 15:11:33
554,Zaraza,VE,9.3503,-65.3245,86.72,42,72,4.88,broken clouds,2022-01-04 15:11:34
555,Constitucion,CL,-35.3333,-72.4167,70.16,66,2,13.58,clear sky,2022-01-04 15:11:34
556,Weinan,CN,34.5036,109.5089,36.19,55,100,4.59,overcast clouds,2022-01-04 15:06:50
557,Kamenka,RU,51.3223,42.7678,11.75,97,75,6.98,broken clouds,2022-01-04 15:11:35
558,Iquique,CL,-20.2208,-70.1431,73.44,63,5,6.38,clear sky,2022-01-04 15:11:35
559,Oparino,RU,59.8518,48.2783,-10.41,100,88,5.06,overcast clouds,2022-01-04 15:11:35
560,Kavaratti,IN,10.5669,72.642,81.72,69,15,3.09,few clouds,2022-01-04 15:11:36
561,Manyana,BW,-23.4,21.7167,89.78,27,84,15.46,broken clouds,2022-01-04 15:11:37
562,Rozsypne,UA,48.1497,38.5762,22.14,91,36,10.49,scattered clouds,2022-01-04 15:11:37
563,Shingu,JP,33.7333,135.9833,45.91,79,5,6.42,clear sky,2022-01-04 15:11:37
564,Vagur,FO,61.4732,-6.8119,37.92,82,100,47.0,overcast clouds,2022-01-04 15:11:38
565,Loukhi,RU,66.0764,33.0381,10.76,92,100,5.61,overcast clouds,2022-01-04 15:11:38
566,Charters Towers,AU,-20.1,146.2667,85.78,35,29,8.5,scattered clouds,2022-01-04 15:11:39
567,Hargeysa,SO,9.56,44.065,70.14,73,95,15.48,overcast clouds,2022-01-04 15:11:39
568,Gondar,ET,12.6,37.4667,64.62,39,70,10.33,broken clouds,2022-01-04 15:11:39
569,Araouane,ML,18.9048,-3.5265,78.44,15,3,6.53,clear sky,2022-01-04 15:11:40
570,Mount Gambier,AU,-37.8333,140.7667,57.11,100,90,12.66,overcast clouds,2022-01-04 15:11:40
571,Maneadero,MX,31.7167,-116.5667,50.58,57,6,4.72,clear sky,2022-01-04 15:11:40
572,Jamame,SO,0.0722,42.7506,81.99,72,98,12.64,overcast clouds,2022-01-04 15:11:41
573,Guarapari,BR,-20.6667,-40.4975,84.09,69,88,17.13,overcast clouds,2022-01-04 15:11:41
574,Gimli,CA,50.6336,-96.9907,2.43,96,100,14.92,light snow,2022-01-04 15:11:42
575,Namatanai,PG,-3.6667,152.4333,78.93,87,100,8.19,light rain,2022-01-04 15:11:42
576,Basco,PH,20.4487,121.9702,75.7,72,98,23.13,overcast clouds,2022-01-04 15:11:42
577,Armidale,AU,-30.5167,151.65,60.82,97,71,5.41,broken clouds,2022-01-04 15:11:43
578,Makokou,GA,0.5738,12.8642,80.85,61,89,0.74,overcast clouds,2022-01-04 15:11:43
579,Telemaco Borba,BR,-24.3239,-50.6156,73.98,79,100,3.22,overcast clouds,2022-01-04 15:11:44
580,Jalu,LY,29.0331,21.5482,64.76,46,0,4.97,clear sky,2022-01-04 15:11:44
581,Kavieng,PG,-2.5744,150.7967,81.63,77,100,6.89,overcast clouds,2022-01-04 15:11:44
582,Palma,ES,39.5694,2.6502,66.54,80,20,3.0,few clouds,2022-01-04 15:10:06
583,Majene,ID,-3.5403,118.9707,78.39,79,100,7.63,light rain,2022-01-04 15:11:45
584,Saint-Denis,FR,48.9167,2.3333,50.77,86,75,5.99,broken clouds,2022-01-04 15:11:45
585,Dzaoudzi,YT,-12.7887,45.2699,85.89,70,0,2.3,clear sky,2022-01-04 15:11:46
586,Borazjan,IR,29.2666,51.2159,57.65,67,1,8.46,clear sky,2022-01-04 15:11:46
587,Rio Bueno,CL,-40.3167,-72.9667,64.11,42,31,3.83,scattered clouds,2022-01-04 15:11:46
588,Kotaparh,IN,19.15,82.35,63.3,44,4,7.65,clear sky,2022-01-04 15:11:47
589,Campos,BR,-21.75,-41.3,84.25,61,75,16.11,broken clouds,2022-01-04 15:11:47
590,Vernon,CA,50.2581,-119.2691,25.16,95,100,1.54,overcast clouds,2022-01-04 15:11:47
591,Bafoulabe,ML,13.8065,-10.8321,93.87,10,4,6.2,clear sky,2022-01-04 15:11:48
592,Santa Cruz,BO,-17.8,-63.1667,86.05,70,75,24.16,broken clouds,2022-01-04 15:07:02
593,Deputatskiy,RU,69.3,139.9,-40.05,92,9,2.95,clear sky,2022-01-04 15:11:48
594,Shache,CN,38.4167,77.2406,26.89,44,100,3.67,overcast clouds,2022-01-04 15:11:49
595,Muisne,EC,0.6,-80.0333,75.31,82,100,11.36,overcast clouds,2022-01-04 15:11:49
596,Sisimiut,GL,66.9395,-53.6735,26.26,58,100,10.96,overcast clouds,2022-01-04 15:11:50
597,Bibiani,GH,6.4635,-2.3194,95.88,29,42,2.3,scattered clouds,2022-01-04 15:11:50
598,Rochegda,RU,62.8,43.25,-22.97,100,75,2.71,broken clouds,2022-01-04 15:11:50
599,Matagami,CA,49.7502,-77.6328,1.58,95,99,6.4,overcast clouds,2022-01-04 15:11:51
600,Tuatapere,NZ,-46.1333,167.6833,60.82,98,100,0.83,overcast clouds,2022-01-04 15:11:51
601,Presidencia Roque Saenz Pena,AR,-26.7852,-60.4388,94.05,36,1,6.24,clear sky,2022-01-04 15:11:51
602,Ishigaki,JP,24.3448,124.1572,71.96,71,99,19.82,overcast clouds,2022-01-04 15:11:52
603,Kailua,US,21.4022,-157.7394,69.78,96,5,6.31,moderate rain,2022-01-04 15:11:52
604,Mitsamiouli,KM,-11.3847,43.2844,83.79,71,94,3.06,overcast clouds,2022-01-04 15:11:52
605,Zaozerne,UA,45.1582,33.2787,45.95,80,46,9.73,scattered clouds,2022-01-04 15:11:53
606,Muli,MV,2.9167,73.5667,79.02,82,97,10.54,overcast clouds,2022-01-04 15:11:53
607,Sohag,EG,26.557,31.6948,64.54,42,0,10.78,clear sky,2022-01-04 15:11:53
608,La Ronge,CA,55.1001,-105.2842,-14.22,93,100,7.72,overcast clouds,2022-01-04 15:11:54
609,Sorland,NO,67.667,12.6934,35.46,64,75,11.5,broken clouds,2022-01-04 15:11:54
610,Gazalkent,UZ,41.5581,69.7708,35.96,98,100,2.8,moderate rain,2022-01-04 15:11:54
611,Elmira,US,42.0898,-76.8077,27.5,84,2,5.64,clear sky,2022-01-04 15:11:55
612,Yumen,CN,40.2833,97.2,21.69,40,100,4.59,overcast clouds,2022-01-04 15:11:55
613,Auki,SB,-8.7676,160.7034,77.65,88,66,6.22,broken clouds,2022-01-04 15:11:55
614,Hami,CN,42.8,93.45,21.88,53,0,3.29,clear sky,2022-01-04 15:11:56
615,Yenagoa,NG,4.9247,6.2642,95.38,23,97,5.14,overcast clouds,2022-01-04 15:11:56
616,Okha,RU,53.5739,142.9478,-12.84,95,36,14.41,scattered clouds,2022-01-04 15:11:56
617,Otradnoye,RU,59.7775,30.8181,24.96,96,100,9.62,light snow,2022-01-04 15:11:57
618,San Angelo,US,31.4638,-100.437,44.98,30,1,4.0,clear sky,2022-01-04 15:11:57
619,Ostersund,SE,63.1792,14.6357,21.65,100,90,1.14,light snow,2022-01-04 15:07:32
620,San Jose,US,37.3394,-121.895,55.06,90,75,5.75,broken clouds,2022-01-04 15:11:58
621,Sao Gabriel Da Cachoeira,BR,-0.1303,-67.0892,85.06,60,88,2.89,overcast clouds,2022-01-04 15:11:58
622,Biggar,GB,55.6167,-3.5167,35.38,67,7,17.63,clear sky,2022-01-04 15:11:58
623,Celestun,MX,20.8667,-90.4,72.34,69,99,10.07,overcast clouds,2022-01-04 15:11:59
624,Gushikawa,JP,26.3544,127.8686,63.63,88,40,6.91,scattered clouds,2022-01-04 15:11:59
625,Iroquois Falls,CA,48.7669,-80.6831,-1.59,93,98,4.61,overcast clouds,2022-01-04 15:11:59
626,Phuket,TH,8.0,98.25,86.09,94,20,1.14,few clouds,2022-01-04 15:09:38
627,Finschhafen,PG,-6.6024,147.8681,80.56,84,100,9.4,moderate rain,2022-01-04 15:12:00
628,Kilifi,KE,-3.6305,39.8499,81.41,77,92,10.49,overcast clouds,2022-01-04 15:12:01
629,Bossangoa,CF,6.4926,17.4552,92.97,16,85,4.47,overcast clouds,2022-01-04 15:12:01
630,Kalanguy,RU,51.0167,116.5167,-8.95,91,90,2.48,overcast clouds,2022-01-04 15:12:02
631,Chapais,CA,49.7834,-74.8492,1.18,91,100,7.65,light snow,2022-01-04 15:12:02
632,High Level,CA,58.5169,-117.136,-27.78,94,100,6.35,overcast clouds,2022-01-04 15:12:03
633,Kidal,ML,18.4411,1.4078,76.91,15,0,9.42,clear sky,2022-01-04 15:12:03
634,Nara,JP,34.6851,135.8049,38.5,64,64,7.0,broken clouds,2022-01-04 15:12:03
635,Vila Velha,BR,-20.3297,-40.2925,84.15,75,20,11.01,few clouds,2022-01-04 15:12:03
636,Tuhian,PH,13.6456,122.2194,72.45,88,18,7.61,few clouds,2022-01-04 15:12:04
637,Muros,ES,42.7762,-9.0603,54.09,77,12,15.75,few clouds,2022-01-04 15:07:59
638,Ashqelon,IL,31.6693,34.5715,62.49,71,45,10.89,scattered clouds,2022-01-04 15:12:04
639,Byron Bay,AU,-28.65,153.6167,73.35,90,22,15.5,light rain,2022-01-04 15:12:05
640,Winnemucca,US,40.973,-117.7357,41.05,60,20,14.97,few clouds,2022-01-04 15:12:05
641,Alugan,PH,12.2188,125.4808,77.34,82,20,15.55,few clouds,2022-01-04 15:12:05
642,Namibe,AO,-15.1961,12.1522,73.44,74,88,12.48,overcast clouds,2022-01-04 15:12:06
643,Oneonta,US,42.4529,-75.0638,23.29,84,8,1.01,clear sky,2022-01-04 15:12:06
644,North Battleford,CA,52.7834,-108.2847,-6.59,98,100,12.01,light snow,2022-01-04 15:12:07
645,Bull Savanna,JM,17.8868,-77.5902,77.7,47,0,1.57,clear sky,2022-01-04 15:12:07
646,Port Augusta,AU,-32.5,137.7667,64.54,68,0,19.35,clear sky,2022-01-04 15:12:07
647,Claremore,US,36.3126,-95.6161,40.17,66,39,8.99,scattered clouds,2022-01-04 15:12:07
648,Las Vegas,US,36.175,-115.1372,40.68,45,1,6.91,clear sky,2022-01-04 15:11:45
649,Myra,IT,45.4358,12.1348,47.52,92,75,3.44,mist,2022-01-04 15:12:08
650,Hay River,CA,60.8156,-115.7999,-32.84,68,40,9.22,scattered clouds,2022-01-04 15:12:08
651,Kenora,CA,49.8167,-94.4337,3.18,78,90,9.22,light snow,2022-01-04 15:12:09
652,Veraval,IN,20.9,70.3667,74.39,78,2,4.65,clear sky,2022-01-04 15:12:09
653,Nouadhibou,MR,20.931,-17.0347,71.33,53,72,3.56,broken clouds,2022-01-04 15:12:09
654,Salinas,US,36.6777,-121.6555,54.07,85,90,9.22,overcast clouds,2022-01-04 15:08:58
655,Yuksekova,TR,37.5736,44.2872,23.63,98,100,5.59,overcast clouds,2022-01-04 15:12:10
656,Klimovo,RU,52.3805,32.1923,33.37,100,100,6.06,overcast clouds,2022-01-04 15:12:10
657,Kralendijk,BQ,12.15,-68.2667,82.38,61,40,16.11,scattered clouds,2022-01-04 15:09:54
658,Florence,IT,43.7667,11.25,58.64,92,75,5.75,broken clouds,2022-01-04 15:08:26
659,Ambanja,MG,-13.6833,48.45,80.49,83,98,3.09,moderate rain,2022-01-04 15:12:11
660,Kudat,MY,6.8837,116.8477,77.05,86,99,8.77,overcast clouds,2022-01-04 15:12:11
661,Maldonado,UY,-34.6667,-54.9167,85.39,25,96,12.84,overcast clouds,2022-01-04 15:12:12
662,Kahului,US,20.8947,-156.47,72.66,89,1,0.0,clear sky,2022-01-04 15:12:12
663,Bure,ET,10.7,37.0667,69.03,40,70,6.33,broken clouds,2022-01-04 15:12:12
664,Sumenep,ID,-7.0167,113.8667,79.52,79,100,2.89,overcast clouds,2022-01-04 15:12:13
665,Takoradi,GH,4.8845,-1.7554,85.06,60,100,9.57,overcast clouds,2022-01-04 15:12:13
666,Banda Aceh,ID,5.5577,95.3222,78.06,82,99,4.45,overcast clouds,2022-01-04 15:12:13
667,Tsumeb,NA,-19.2333,17.7167,89.76,27,100,16.44,overcast clouds,2022-01-04 15:12:14
668,Taoudenni,ML,22.6783,-3.9836,78.17,14,0,12.33,clear sky,2022-01-04 15:12:14
669,Barra Do Garcas,BR,-15.89,-52.2567,83.25,73,46,5.26,scattered clouds,2022-01-04 15:12:11
670,Paamiut,GL,61.994,-49.6678,30.25,96,100,2.1,snow,2022-01-04 15:12:15
671,Kondinskoye,RU,59.6481,67.41,2.05,94,92,10.42,overcast clouds,2022-01-04 15:12:15
672,Nang Rong,TH,14.6377,102.7914,76.84,61,48,5.06,scattered clouds,2022-01-04 15:12:15
673,Kontagora,NG,10.3999,5.4695,91.67,15,97,1.21,overcast clouds,2022-01-04 15:12:16
674,Mizdah,LY,31.4451,12.9801,65.46,22,0,4.29,clear sky,2022-01-04 15:12:16
675,Baker City,US,44.7749,-117.8344,26.82,97,100,3.04,overcast clouds,2022-01-04 15:12:16
676,Pacific Grove,US,36.6177,-121.9166,53.65,90,90,1.01,overcast clouds,2022-01-04 15:12:17
677,Ramgarh,IN,23.6333,85.5167,62.65,41,0,2.06,clear sky,2022-01-04 15:12:17
678,Mackenzie,CA,55.2999,-123.1698,-23.03,86,100,7.38,overcast clouds,2022-01-04 15:12:17
679,Alanya,TR,36.5438,31.9998,62.73,66,88,1.61,overcast clouds,2022-01-04 15:12:02
680,Shebunino,RU,46.4339,141.8603,21.54,78,100,26.53,overcast clouds,2022-01-04 15:12:18
681,Sumbe,AO,-11.2061,13.8437,73.74,91,100,2.46,overcast clouds,2022-01-04 15:12:18
682,Sydney,AU,-33.8679,151.2073,72.72,87,75,1.01,broken clouds,2022-01-04 15:11:23
683,Morgan City,US,29.6994,-91.2068,43.0,75,100,4.12,overcast clouds,2022-01-04 15:12:19
684,Rosarito,MX,32.3333,-117.0333,46.42,67,20,3.27,few clouds,2022-01-04 15:12:19
685,Daoukro,CI,7.0591,-3.9631,97.66,21,76,3.22,broken clouds,2022-01-04 15:12:19
686,Conceicao Do Araguaia,BR,-8.2578,-49.2647,84.76,65,96,3.0,light rain,2022-01-04 15:12:20
687,Yuzhne,UA,46.6221,31.1013,43.02,71,100,8.16,overcast clouds,2022-01-04 15:12:20
688,Tabasco,MX,18.0,-92.6667,68.11,100,90,0.0,mist,2022-01-04 15:12:21
689,Shahdol,IN,23.2833,81.35,60.33,42,1,0.6,clear sky,2022-01-04 15:12:21
690,Flinders,AU,-34.5833,150.8552,71.2,84,37,1.99,scattered clouds,2022-01-04 15:12:21
691,Lat Yao,TH,15.751,99.7893,78.51,53,32,3.87,scattered clouds,2022-01-04 15:12:22
692,Sibolga,ID,1.7427,98.7792,76.75,89,15,2.57,few clouds,2022-01-04 15:12:22
693,Paso De Los Toros,UY,-32.8167,-56.5167,88.83,48,97,11.07,overcast clouds,2022-01-04 15:12:22
694,Kirensk,RU,57.7853,108.1119,-14.01,100,100,1.77,overcast clouds,2022-01-04 15:12:23
695,Ardmore,US,34.1743,-97.1436,38.25,56,1,7.0,clear sky,2022-01-04 15:12:23
696,Jaca,ES,42.569,-0.5499,57.02,63,100,3.76,overcast clouds,2022-01-04 15:12:23
697,Yuli,NG,9.6989,10.2744,87.06,18,89,6.46,overcast clouds,2022-01-04 15:12:24
698,Warri,NG,5.5167,5.75,98.13,17,100,5.08,overcast clouds,2022-01-04 15:12:24
699,Atambua,ID,-9.1061,124.8925,74.95,90,98,2.48,moderate rain,2022-01-04 15:12:24
700,Kobelyaky,UA,49.1489,34.1965,35.51,98,100,7.05,overcast clouds,2022-01-04 15:09:02
701,San Rafael,AR,-34.6177,-68.3301,79.11,30,0,9.24,clear sky,2022-01-04 15:12:25
702,Beipiao,CN,41.7919,120.7792,14.4,58,0,3.71,clear sky,2022-01-04 15:12:25
703,Asau,RO,46.4333,26.4,48.96,65,100,4.92,overcast clouds,2022-01-04 15:12:26
704,Tura,IN,25.5198,90.2201,58.05,65,0,3.53,clear sky,2022-01-04 15:12:26
705,Toshkivka,UA,48.7791,38.579,21.33,92,47,9.08,scattered clouds,2022-01-04 15:12:26
706,Ruwi,OM,23.5996,58.5507,69.49,83,100,8.86,overcast clouds,2022-01-04 15:12:27
707,Kenai,US,60.5544,-151.2583,-9.35,77,1,0.0,clear sky,2022-01-04 15:12:27
708,Inuvik,CA,68.3499,-133.7218,-33.05,100,100,4.36,overcast clouds,2022-01-04 15:12:27
709,Kyren,RU,51.6828,102.1408,12.29,79,30,2.59,scattered clouds,2022-01-04 15:12:28
710,Axim,GH,4.8699,-2.2405,85.3,60,89,9.01,overcast clouds,2022-01-04 15:12:13
711,Dargaville,NZ,-35.9333,173.8833,62.11,93,24,3.76,few clouds,2022-01-04 15:12:28
712,Caxito,AO,-8.5785,13.6643,81.25,83,100,3.65,light rain,2022-01-04 15:12:28
713,Nirmal,IN,19.1,78.35,69.96,41,5,4.45,clear sky,2022-01-04 15:12:29
714,Ascension,US,30.2169,-90.9001,44.6,91,1,4.61,clear sky,2022-01-04 15:12:29
